-- MySQL dump 10.13  Distrib 5.5.28, for debian-linux-gnu (i686)
--
-- Host: localhost    Database: vizgrimoire_vizgrimoirer_cvsanaly
-- ------------------------------------------------------
-- Server version	5.5.28-1

/*!40101 SET @OLD_CHARACTER_SET_CLIENT=@@CHARACTER_SET_CLIENT */;
/*!40101 SET @OLD_CHARACTER_SET_RESULTS=@@CHARACTER_SET_RESULTS */;
/*!40101 SET @OLD_COLLATION_CONNECTION=@@COLLATION_CONNECTION */;
/*!40101 SET NAMES utf8 */;
/*!40103 SET @OLD_TIME_ZONE=@@TIME_ZONE */;
/*!40103 SET TIME_ZONE='+00:00' */;
/*!40014 SET @OLD_UNIQUE_CHECKS=@@UNIQUE_CHECKS, UNIQUE_CHECKS=0 */;
/*!40014 SET @OLD_FOREIGN_KEY_CHECKS=@@FOREIGN_KEY_CHECKS, FOREIGN_KEY_CHECKS=0 */;
/*!40101 SET @OLD_SQL_MODE=@@SQL_MODE, SQL_MODE='NO_AUTO_VALUE_ON_ZERO' */;
/*!40111 SET @OLD_SQL_NOTES=@@SQL_NOTES, SQL_NOTES=0 */;

--
-- Temporary table structure for view `action_files`
--

DROP TABLE IF EXISTS `action_files`;
/*!50001 DROP VIEW IF EXISTS `action_files`*/;
SET @saved_cs_client     = @@character_set_client;
SET character_set_client = utf8;
/*!50001 CREATE TABLE `action_files` (
  `file_id` tinyint NOT NULL,
  `action_id` tinyint NOT NULL,
  `action_type` tinyint NOT NULL,
  `commit_id` tinyint NOT NULL
) ENGINE=MyISAM */;
SET character_set_client = @saved_cs_client;

--
-- Table structure for table `actions`
--

DROP TABLE IF EXISTS `actions`;
/*!40101 SET @saved_cs_client     = @@character_set_client */;
/*!40101 SET character_set_client = utf8 */;
CREATE TABLE `actions` (
  `id` int(11) NOT NULL DEFAULT '0',
  `type` varchar(1) DEFAULT NULL,
  `file_id` int(11) DEFAULT NULL,
  `commit_id` int(11) DEFAULT NULL,
  `branch_id` int(11) DEFAULT NULL,
  PRIMARY KEY (`id`),
  KEY `file_id` (`file_id`),
  KEY `commit_id` (`commit_id`),
  KEY `branch_id` (`branch_id`)
) ENGINE=MyISAM DEFAULT CHARSET=utf8;
/*!40101 SET character_set_client = @saved_cs_client */;

--
-- Dumping data for table `actions`
--

LOCK TABLES `actions` WRITE;
/*!40000 ALTER TABLE `actions` DISABLE KEYS */;
INSERT INTO `actions` VALUES (1,'A',1,1,1),(2,'A',4,2,1),(3,'A',5,2,1),(4,'A',6,2,1),(5,'M',4,3,1),(6,'M',4,4,1),(7,'A',7,5,1),(8,'A',8,5,1),(9,'A',9,6,1),(10,'M',7,6,1),(11,'M',4,6,1),(12,'M',6,6,1),(13,'M',9,7,1),(14,'A',10,7,1),(15,'M',4,7,1),(16,'M',10,8,1),(17,'M',4,8,1),(18,'M',9,9,1),(19,'M',10,9,1),(20,'M',4,9,1),(21,'M',1,10,1),(22,'A',11,12,1),(23,'M',4,14,1),(24,'M',4,15,1),(25,'M',9,16,1),(26,'M',6,16,1),(27,'M',1,17,1),(28,'M',1,18,1),(29,'M',1,19,1),(30,'M',4,20,1),(31,'A',12,21,1),(32,'M',1,21,1),(33,'M',4,22,1),(34,'M',9,23,1),(35,'M',12,23,1),(36,'M',1,23,1),(37,'M',4,23,1),(38,'A',13,24,1),(39,'A',14,24,1),(40,'M',4,24,1),(41,'M',13,25,1),(42,'M',14,25,1),(43,'M',13,26,1),(44,'M',14,26,1),(45,'M',4,26,1),(46,'M',6,26,1),(47,'M',1,27,1),(48,'M',13,28,1),(49,'A',15,28,1),(50,'A',16,28,1),(51,'M',1,28,1),(52,'M',4,28,1),(53,'A',17,29,1),(54,'M',4,29,1),(55,'M',1,30,1),(56,'M',16,31,1),(57,'C',18,31,1),(58,'M',17,31,1),(59,'M',1,31,1),(60,'M',4,31,1),(61,'M',13,32,1),(62,'M',4,32,1),(63,'M',4,33,1),(64,'M',13,34,1),(65,'M',15,34,1),(66,'M',16,34,1),(67,'M',18,34,1),(68,'M',14,34,1),(69,'M',17,34,1),(70,'M',9,34,1),(71,'M',7,34,1),(72,'M',8,34,1),(73,'M',4,34,1),(74,'M',4,35,1),(75,'M',6,35,1),(76,'M',4,36,1),(77,'M',6,36,1),(78,'M',4,37,1),(79,'M',4,38,1),(80,'A',19,39,1),(81,'M',9,39,1),(82,'M',12,39,1),(83,'A',20,39,1),(84,'M',10,39,1),(85,'M',4,39,1),(86,'M',6,39,1),(87,'M',4,40,1),(88,'M',9,41,1),(89,'A',21,41,1),(90,'M',20,41,1),(91,'M',4,41,1),(92,'M',6,41,1),(93,'M',16,42,1),(94,'M',18,42,1),(95,'M',9,43,1),(96,'M',21,44,1),(97,'A',22,45,1),(98,'M',9,45,1),(99,'M',6,45,1),(100,'M',6,46,1),(101,'A',24,47,1),(102,'A',25,47,1),(103,'V',13,47,1),(104,'V',15,47,1),(105,'V',16,47,1),(106,'V',18,47,1),(107,'V',14,47,1),(108,'V',17,47,1),(109,'V',19,47,1),(110,'V',22,47,1),(111,'V',9,47,1),(112,'V',7,47,1),(113,'V',8,47,1),(114,'V',21,47,1),(115,'V',12,47,1),(116,'V',20,47,1),(117,'V',10,47,1),(118,'V',6,47,1),(119,'A',28,47,1),(120,'A',29,47,1),(121,'A',30,47,1),(122,'A',31,47,1),(123,'A',32,47,1),(124,'A',33,47,1),(125,'A',34,47,1),(126,'A',35,47,1),(127,'A',36,47,1),(128,'A',37,47,1),(129,'A',38,47,1),(130,'A',39,47,1),(131,'A',40,47,1),(132,'A',41,47,1),(133,'A',42,47,1),(134,'A',43,47,1),(135,'A',44,47,1),(136,'A',45,47,1),(137,'A',46,47,1),(138,'A',47,47,1),(139,'A',48,47,1),(140,'A',49,47,1),(141,'A',50,47,1),(142,'A',51,47,1),(143,'A',52,47,1),(144,'A',53,47,1),(145,'A',54,47,1),(146,'A',55,47,1),(147,'A',56,47,1),(148,'A',57,47,1),(149,'A',58,47,1),(150,'A',59,47,1),(151,'A',60,47,1),(152,'A',61,47,1),(153,'A',62,47,1),(154,'A',63,47,1),(155,'A',64,47,1),(156,'A',65,47,1),(157,'A',66,47,1),(158,'A',67,47,1),(159,'A',68,47,1),(160,'A',69,47,1),(161,'A',70,47,1),(162,'A',71,47,1),(163,'A',72,47,1),(164,'M',4,48,1),(165,'M',25,48,1),(166,'V',6,48,1),(167,'M',13,48,1),(168,'M',19,48,1),(169,'M',22,48,1),(170,'M',9,48,1),(171,'M',21,48,1),(172,'M',12,48,1),(173,'M',10,48,1),(174,'M',1,49,1),(175,'M',24,50,1),(176,'V',6,50,1),(177,'M',25,51,1),(178,'M',6,51,1),(179,'M',13,51,1),(180,'M',15,51,1),(181,'M',16,51,1),(182,'M',18,51,1),(183,'M',14,51,1),(184,'M',17,51,1),(185,'M',19,51,1),(186,'M',9,51,1),(187,'M',7,51,1),(188,'D',8,51,1),(189,'M',52,51,1),(190,'M',4,52,1),(191,'M',9,52,1),(192,'M',20,52,1),(193,'M',50,52,1),(194,'M',72,53,1),(195,'M',24,54,1),(196,'M',25,54,1),(197,'M',6,54,1),(198,'M',72,54,1),(199,'M',4,55,1),(200,'A',74,56,1),(201,'M',25,57,1),(202,'A',75,57,1),(203,'M',74,58,1),(204,'M',74,59,1),(205,'M',25,59,1),(206,'M',75,59,1),(207,'M',6,60,1),(208,'M',6,61,1),(209,'A',76,62,1),(210,'M',74,63,1),(211,'M',76,63,1),(212,'M',25,63,1),(213,'A',77,63,1),(214,'M',75,63,1),(215,'M',76,64,1),(216,'M',74,66,1),(217,'D',76,66,1),(218,'A',78,67,1),(219,'A',80,68,1),(220,'M',6,69,1),(221,'M',77,69,1),(222,'M',74,70,1),(223,'M',80,71,1),(224,'M',75,72,1),(225,'M',74,73,1),(226,'M',25,74,1),(227,'M',77,74,1),(228,'M',75,74,1),(229,'M',75,75,1),(230,'M',25,76,1),(231,'M',77,76,1),(232,'A',81,76,1),(233,'M',6,77,1),(234,'M',81,77,1),(235,'A',82,78,1),(236,'M',82,79,1),(237,'M',25,79,1),(238,'M',6,79,1),(239,'M',77,79,1),(240,'M',81,79,1),(241,'M',82,80,1),(242,'M',6,80,1),(243,'M',81,80,1),(244,'M',82,81,1),(245,'M',75,82,1),(246,'A',83,82,1),(247,'M',75,83,1),(248,'M',74,84,1),(249,'M',82,84,1),(250,'M',75,84,1),(251,'M',83,84,1),(252,'M',74,85,1),(253,'A',85,85,1),(254,'M',25,85,1),(255,'M',6,85,1),(256,'M',75,85,1),(257,'A',86,86,1),(258,'M',6,86,1),(259,'A',87,87,1),(260,'M',6,87,1),(261,'M',82,88,1),(262,'M',6,89,1),(263,'M',75,90,1),(264,'M',25,91,1),(265,'M',81,91,1),(266,'M',20,92,1),(267,'A',88,93,1),(268,'M',74,94,1),(269,'A',89,94,1),(270,'D',86,94,1),(271,'V',87,94,1),(272,'A',90,94,1),(273,'D',85,94,1),(274,'M',25,94,1),(275,'M',6,94,1),(276,'M',90,95,1),(277,'M',6,95,1),(278,'M',6,96,1),(279,'M',6,97,1),(280,'M',6,99,1),(281,'M',6,100,1),(282,'M',89,101,1),(283,'M',89,102,1),(284,'M',6,102,1),(285,'M',89,103,1),(286,'M',20,104,1),(287,'M',92,105,2),(288,'M',92,106,2),(289,'M',92,107,2),(290,'M',92,108,2),(291,'A',93,109,2),(292,'M',92,110,2),(293,'M',93,111,2),(294,'M',92,111,2),(295,'M',96,112,2),(296,'M',96,113,2),(297,'M',96,114,2),(298,'M',96,115,2),(299,'M',96,116,2),(300,'M',96,117,2),(301,'M',96,118,2),(302,'A',97,119,2),(303,'M',92,119,2),(304,'M',97,120,2),(305,'A',98,121,2),(306,'M',97,121,2),(307,'A',99,122,2),(308,'A',100,123,2),(309,'M',103,124,2),(310,'M',96,124,2),(311,'A',104,124,2),(312,'M',103,125,2),(313,'M',104,125,2),(314,'M',103,126,2),(315,'M',96,126,2),(316,'M',104,126,2),(317,'M',96,127,2),(318,'M',104,127,2),(319,'M',103,128,2),(320,'M',93,128,2),(321,'M',92,128,2),(322,'M',96,128,2),(323,'A',105,128,2),(324,'M',104,128,2),(325,'A',106,128,2),(326,'M',99,129,2),(327,'M',98,130,2),(328,'M',99,130,2),(329,'A',107,131,2),(330,'A',108,132,2),(331,'M',109,134,2),(332,'M',109,135,2),(333,'M',110,136,2),(334,'M',106,136,2),(335,'M',96,137,2),(336,'M',106,138,2),(337,'M',109,139,2),(338,'M',105,139,2),(339,'M',103,140,2),(340,'M',104,140,2),(341,'M',96,141,2),(342,'M',104,141,2),(343,'M',109,142,2),(344,'M',105,142,2),(345,'M',109,143,2),(346,'M',105,143,2),(347,'M',109,144,2),(348,'M',104,145,2),(349,'M',110,146,2),(350,'M',103,147,2),(351,'M',103,148,2),(352,'M',104,148,2),(353,'M',103,149,2),(354,'M',103,150,2),(355,'M',104,151,2),(356,'M',109,153,2),(357,'M',111,153,2),(358,'M',105,154,2),(359,'M',104,155,2),(360,'M',104,156,2),(361,'M',104,157,2),(362,'M',104,158,2),(363,'M',105,159,2),(364,'M',105,161,2),(365,'M',104,164,2),(366,'M',105,165,2),(367,'M',114,166,3),(368,'M',117,166,3),(369,'M',119,167,3),(370,'M',120,167,3),(371,'M',114,168,3),(372,'M',117,168,3),(373,'M',121,169,3),(374,'M',122,169,3),(375,'M',121,170,3),(376,'M',122,170,3),(377,'A',123,171,3),(378,'M',123,172,3),(379,'A',124,174,3),(380,'M',124,175,3),(381,'M',125,176,3),(382,'M',126,176,3),(383,'M',125,178,3),(384,'M',126,178,3),(385,'M',114,180,3),(386,'M',114,181,3),(387,'M',124,182,3),(388,'M',109,183,2),(389,'M',96,183,2),(390,'M',105,183,2),(391,'M',109,184,2),(392,'M',96,184,2),(393,'M',105,184,2),(394,'M',109,185,2),(395,'M',105,185,2),(396,'M',110,186,2),(397,'M',106,187,2),(398,'M',110,188,2),(399,'M',106,188,2),(400,'M',110,189,2),(401,'M',106,189,2),(402,'M',103,190,2),(403,'M',104,190,2),(404,'M',105,192,2),(405,'M',109,193,2),(406,'M',109,194,2),(407,'M',105,194,2),(408,'M',103,195,2),(409,'M',104,195,2),(410,'A',127,197,2),(411,'M',110,198,2),(412,'M',106,198,2),(413,'M',109,200,2),(414,'M',109,201,2),(415,'M',105,201,2),(416,'M',110,202,2),(417,'M',110,204,2),(418,'M',104,206,2),(419,'M',105,207,2),(420,'M',105,208,2),(421,'M',127,209,2),(422,'M',106,211,2),(423,'M',104,212,2),(424,'M',103,214,2),(425,'M',103,215,2),(426,'M',104,215,2),(427,'M',104,216,2),(428,'M',104,217,2),(429,'M',104,218,2),(430,'M',106,219,2),(431,'M',106,220,2),(432,'M',96,221,2),(433,'V',105,221,2),(434,'V',104,221,2),(435,'V',106,221,2),(436,'V',108,222,2),(437,'M',92,223,2),(438,'M',93,224,2),(439,'M',92,224,2),(440,'M',108,225,2),(441,'M',107,225,2),(442,'M',127,226,2),(443,'M',109,227,2),(444,'M',127,228,2),(445,'M',110,228,2),(446,'M',108,229,2),(447,'M',104,229,2),(448,'M',106,229,2),(449,'M',109,230,2),(450,'M',103,230,2),(451,'M',110,230,2),(452,'M',96,230,2),(453,'M',104,230,2),(454,'M',106,230,2),(455,'M',127,231,2),(456,'M',108,233,2),(457,'M',109,234,2),(458,'M',103,234,2),(459,'M',110,234,2),(460,'M',105,234,2),(461,'M',104,234,2),(462,'M',106,234,2),(463,'M',108,235,2),(464,'M',108,236,2),(465,'A',128,237,2),(466,'M',103,238,2),(467,'M',104,238,2),(468,'M',103,239,2),(469,'M',104,239,2),(470,'M',110,240,2),(471,'M',128,240,2),(472,'M',106,240,2),(473,'M',109,241,2),(474,'A',129,241,2),(475,'M',105,241,2),(476,'M',106,242,2),(477,'M',103,244,2),(478,'M',127,245,2),(479,'M',128,245,2),(480,'V',127,246,2),(481,'M',104,247,2),(482,'M',104,250,2),(483,'M',128,251,2),(484,'M',106,251,2),(485,'M',103,253,2),(486,'A',130,253,2),(487,'M',110,253,2),(488,'M',105,254,2),(489,'M',104,254,2),(490,'M',106,254,2),(491,'M',110,255,2),(492,'M',106,255,2),(493,'M',103,256,2),(494,'M',104,256,2),(495,'M',109,257,2),(496,'M',105,257,2),(497,'M',96,258,2),(498,'M',127,259,2),(499,'M',110,259,2),(500,'A',131,261,2),(501,'M',127,261,2),(502,'M',105,261,2),(503,'M',108,262,2),(504,'M',107,262,2),(505,'M',107,263,2),(506,'M',104,264,2),(507,'M',109,265,2),(508,'M',103,265,2),(509,'M',129,265,2),(510,'M',110,265,2),(511,'M',96,265,2),(512,'M',104,265,2),(513,'M',110,266,2),(514,'M',106,266,2),(515,'A',132,267,2),(516,'M',110,268,2),(517,'V',109,270,2),(518,'V',103,270,2),(519,'V',129,270,2),(520,'V',130,270,2),(521,'V',131,270,2),(522,'V',127,270,2),(523,'V',110,270,2),(524,'M',134,271,2),(525,'M',103,272,2),(526,'M',110,272,2),(527,'M',106,273,2),(528,'M',110,274,2),(529,'M',103,275,2),(530,'M',110,275,2),(531,'M',109,276,2),(532,'M',103,278,2),(533,'M',110,278,2),(534,'M',110,279,2),(535,'M',110,281,2),(536,'M',96,282,2),(537,'V',110,283,2),(538,'V',110,286,2),(539,'M',96,287,2),(540,'M',96,288,2),(541,'M',109,289,2),(542,'M',103,289,2),(543,'M',129,289,2),(544,'M',110,289,2),(545,'M',96,289,2),(546,'M',105,289,2),(547,'M',104,289,2),(548,'M',106,289,2),(549,'M',109,290,2),(550,'M',129,290,2),(551,'M',96,291,2),(552,'M',110,292,2),(553,'M',109,293,2),(554,'M',103,293,2),(555,'M',96,293,2),(556,'M',104,293,2),(557,'M',103,295,2),(558,'M',129,295,2),(559,'M',96,295,2),(560,'M',103,296,2),(561,'M',103,297,2),(562,'M',129,297,2),(563,'M',110,297,2),(564,'M',80,298,1),(565,'M',80,299,1),(566,'M',80,300,1),(567,'M',80,301,1),(568,'A',135,302,1),(569,'M',80,303,1),(570,'M',135,304,1),(571,'M',80,304,1),(572,'M',89,305,1),(573,'M',80,306,1),(574,'M',80,307,1),(575,'A',136,308,1),(576,'A',137,309,1),(577,'M',137,310,1),(578,'M',137,311,1),(579,'M',137,312,1),(580,'M',137,313,1),(581,'M',137,314,1),(582,'M',137,315,1),(583,'M',137,316,1),(584,'M',137,317,1),(585,'M',137,318,1),(586,'M',137,319,1),(587,'M',137,320,1),(588,'M',137,321,1),(589,'M',137,322,1),(590,'M',1,324,1),(591,'M',136,325,1),(592,'M',9,325,1),(593,'A',138,326,1),(594,'M',138,327,1),(595,'A',140,328,1),(596,'M',140,329,1),(597,'M',140,330,1),(598,'M',142,331,4),(599,'M',143,331,4),(600,'M',144,331,4),(601,'M',147,331,4),(602,'M',142,332,4),(603,'M',144,332,4),(604,'M',148,332,4),(605,'M',150,333,4),(606,'M',151,334,4),(607,'M',151,335,4),(608,'M',152,337,4),(609,'M',148,337,4),(610,'M',152,338,4),(611,'M',152,339,4),(612,'M',142,339,4),(613,'M',144,339,4),(614,'M',153,339,4),(615,'M',154,339,4),(616,'M',142,341,4),(617,'M',143,341,4),(618,'M',147,341,4),(619,'M',142,342,4),(620,'M',142,343,4),(621,'M',147,343,4),(622,'M',142,344,4),(623,'M',147,344,4),(624,'M',142,345,4),(625,'M',142,346,4),(626,'M',147,346,4),(627,'M',142,347,4),(628,'M',142,348,4),(629,'M',147,348,4),(630,'M',142,349,4),(631,'M',147,349,4),(632,'M',142,350,4),(633,'M',147,350,4),(634,'M',142,351,4),(635,'M',147,351,4),(636,'M',142,352,4),(637,'M',147,352,4),(638,'M',147,353,4),(639,'M',142,354,4),(640,'M',147,354,4),(641,'M',142,355,4),(642,'M',147,355,4),(643,'M',142,356,4),(644,'M',147,356,4),(645,'M',142,357,4),(646,'M',147,357,4),(647,'M',142,358,4),(648,'M',147,358,4),(649,'M',142,359,4),(650,'M',155,359,4),(651,'M',147,359,4),(652,'M',142,360,4),(653,'M',147,360,4),(654,'M',142,361,4),(655,'M',147,361,4),(656,'M',147,362,4),(657,'M',142,363,4),(658,'M',142,364,4),(659,'M',142,365,4),(660,'M',154,366,4),(661,'M',152,367,4),(662,'M',142,367,4),(663,'M',151,367,4),(664,'M',144,367,4),(665,'M',155,367,4),(666,'A',156,368,4),(667,'M',154,368,4),(668,'M',154,369,4),(669,'M',156,370,4),(670,'M',154,370,4),(671,'M',152,371,4),(672,'M',144,371,4),(673,'M',142,372,4),(674,'M',152,373,4),(675,'M',144,373,4),(676,'M',156,375,4),(677,'M',142,377,4),(678,'M',155,377,4),(679,'M',147,377,4),(680,'M',152,378,4),(681,'M',155,378,4),(682,'M',153,378,4),(683,'M',147,378,4),(684,'M',152,379,4),(685,'M',153,379,4),(686,'M',152,380,4),(687,'M',153,380,4),(688,'M',152,381,4),(689,'M',153,381,4),(690,'M',152,382,4),(691,'M',153,382,4),(692,'M',152,383,4),(693,'M',153,383,4),(694,'M',152,384,4),(695,'M',153,384,4),(696,'M',154,385,4),(697,'M',156,386,4),(698,'M',154,386,4),(699,'M',156,388,4),(700,'M',154,388,4),(701,'M',156,389,4),(702,'M',155,389,4),(703,'M',154,389,4),(704,'M',143,390,4),(705,'M',156,390,4),(706,'M',154,390,4),(707,'M',143,391,4),(708,'M',156,391,4),(709,'M',155,391,4),(710,'M',143,392,4),(711,'M',156,392,4),(712,'M',154,392,4),(713,'M',142,393,4),(714,'M',148,393,4),(715,'M',157,394,4),(716,'M',147,395,4),(717,'M',152,396,4),(718,'M',144,396,4),(719,'M',153,398,4),(720,'M',156,399,4),(721,'M',154,399,4),(722,'A',158,400,4),(723,'M',154,400,4),(724,'M',142,401,4),(725,'M',142,402,4),(726,'A',159,402,4),(727,'M',152,404,4),(728,'M',158,404,4),(729,'M',144,405,4),(730,'M',153,406,4),(731,'A',160,407,4),(732,'M',152,408,4),(733,'M',158,408,4),(734,'M',161,410,4),(735,'M',159,410,4),(736,'M',162,410,4),(737,'M',162,411,4),(738,'M',152,413,4),(739,'M',142,413,4),(740,'M',156,413,4),(741,'M',143,414,4),(742,'D',158,414,4),(743,'D',156,414,4),(744,'M',144,414,4),(745,'M',144,415,4),(746,'M',154,415,4),(747,'M',144,416,4),(748,'M',153,416,4),(749,'M',154,416,4),(750,'M',144,417,4),(751,'M',154,417,4),(752,'M',144,418,4),(753,'M',153,418,4),(754,'M',154,418,4),(755,'M',152,419,4),(756,'M',143,419,4),(757,'M',153,419,4),(758,'M',154,419,4),(759,'M',142,420,4),(760,'M',143,420,4),(761,'M',153,420,4),(762,'M',147,420,4),(763,'M',143,421,4),(764,'M',153,422,4),(765,'M',147,422,4),(766,'M',154,422,4),(767,'M',155,423,4),(768,'M',142,426,4),(769,'M',147,426,4),(770,'M',142,427,4),(771,'M',143,427,4),(772,'M',147,427,4),(773,'M',152,428,4),(774,'M',143,428,4),(775,'M',144,428,4),(776,'M',144,429,4),(777,'M',153,430,4),(778,'M',153,431,4),(779,'M',147,432,4),(780,'M',142,433,4),(781,'M',164,435,5),(782,'M',164,436,5),(783,'M',165,437,5),(784,'M',166,438,5),(785,'M',169,439,5),(786,'M',170,440,5),(787,'M',164,441,5),(788,'M',142,443,4),(789,'M',171,444,4),(790,'M',171,445,4),(791,'M',172,446,4),(792,'M',173,447,4),(793,'A',174,448,4),(794,'M',174,449,4),(795,'M',177,450,6),(796,'M',179,451,6),(797,'A',180,451,6),(798,'A',182,452,6),(799,'M',183,454,6),(800,'A',184,455,6),(801,'M',184,456,6),(802,'A',185,457,6),(803,'M',184,457,6),(804,'A',186,458,4),(805,'M',186,459,4),(806,'M',186,460,4),(807,'A',187,461,4),(808,'M',142,462,4),(809,'M',186,462,4),(810,'M',147,463,4),(811,'M',147,464,4),(812,'M',147,466,4),(813,'M',147,467,4),(814,'M',147,469,4),(815,'M',147,470,4),(816,'M',147,471,4),(817,'M',147,472,4),(818,'M',147,474,4),(819,'M',186,476,4),(820,'A',190,477,4),(821,'A',191,477,4),(822,'A',192,478,4),(823,'M',147,480,4);
/*!40000 ALTER TABLE `actions` ENABLE KEYS */;
UNLOCK TABLES;

--
-- Temporary table structure for view `actions_file_names`
--

DROP TABLE IF EXISTS `actions_file_names`;
/*!50001 DROP VIEW IF EXISTS `actions_file_names`*/;
SET @saved_cs_client     = @@character_set_client;
SET character_set_client = utf8;
/*!50001 CREATE TABLE `actions_file_names` (
  `id` tinyint NOT NULL,
  `type` tinyint NOT NULL,
  `file_id` tinyint NOT NULL,
  `new_file_name` tinyint NOT NULL,
  `commit_id` tinyint NOT NULL
) ENGINE=MyISAM */;
SET character_set_client = @saved_cs_client;

--
-- Table structure for table `branches`
--

DROP TABLE IF EXISTS `branches`;
/*!40101 SET @saved_cs_client     = @@character_set_client */;
/*!40101 SET character_set_client = utf8 */;
CREATE TABLE `branches` (
  `id` int(11) NOT NULL,
  `name` varchar(255) DEFAULT NULL,
  PRIMARY KEY (`id`)
) ENGINE=MyISAM DEFAULT CHARSET=utf8;
/*!40101 SET character_set_client = @saved_cs_client */;

--
-- Dumping data for table `branches`
--

LOCK TABLES `branches` WRITE;
/*!40000 ALTER TABLE `branches` DISABLE KEYS */;
INSERT INTO `branches` VALUES (1,'master'),(2,'newperiodR'),(3,'unique-ids'),(4,'mediawiki'),(5,'openstack'),(6,'gerrit');
/*!40000 ALTER TABLE `branches` ENABLE KEYS */;
UNLOCK TABLES;

--
-- Table structure for table `commits_lines`
--

DROP TABLE IF EXISTS `commits_lines`;
/*!40101 SET @saved_cs_client     = @@character_set_client */;
/*!40101 SET character_set_client = utf8 */;
CREATE TABLE `commits_lines` (
  `id` int(11) NOT NULL,
  `commit_id` int(11) DEFAULT NULL,
  `added` int(11) DEFAULT NULL,
  `removed` int(11) DEFAULT NULL,
  PRIMARY KEY (`id`),
  KEY `commit_id` (`commit_id`)
) ENGINE=MyISAM DEFAULT CHARSET=utf8;
/*!40101 SET character_set_client = @saved_cs_client */;

--
-- Dumping data for table `commits_lines`
--

LOCK TABLES `commits_lines` WRITE;
/*!40000 ALTER TABLE `commits_lines` DISABLE KEYS */;
INSERT INTO `commits_lines` VALUES (1,1,0,0),(2,2,1170,0),(3,3,4,8),(4,4,1,1),(5,5,41,0),(6,6,142,29),(7,7,60,45),(8,8,34,14),(9,9,28,57),(10,10,1,0),(11,11,0,0),(12,12,1,0),(13,13,0,0),(14,14,1,1),(15,15,14,12),(16,16,49,43),(17,17,16,0),(18,18,21,2),(19,19,26,4),(20,20,12,2),(21,21,133,0),(22,22,4,7),(23,23,51,15),(24,24,175,129),(25,25,51,9),(26,26,46,23),(27,27,27,1),(28,28,103,38),(29,29,47,17),(30,30,12,0),(31,31,66,15),(32,32,68,6),(33,33,6,25),(34,34,246,37),(35,35,67,58),(36,36,13,9),(37,37,17,12),(38,38,10,9),(39,39,296,119),(40,40,0,39),(41,41,201,4),(42,42,6,4),(43,43,16,0),(44,44,6,3),(45,45,121,2),(46,46,3,2),(47,47,4252,1723),(48,48,472,522),(49,49,16,1),(50,50,466,471),(51,51,39,68),(52,52,35,33),(53,53,32,24),(54,54,44,13),(55,55,0,1),(56,56,73,0),(57,57,93,15),(58,58,5,0),(59,59,46,23),(60,60,1,0),(61,61,13,6),(62,62,14,0),(63,63,136,30),(64,64,5,4),(65,65,0,0),(66,66,12,45),(67,67,71,0),(68,68,35,0),(69,69,11,7),(70,70,8,2),(71,71,186,5),(72,72,2,2),(73,73,21,0),(74,74,66,7),(75,75,6,3),(76,76,153,6),(77,77,102,0),(78,78,77,0),(79,79,59,42),(80,80,31,16),(81,81,1,0),(82,82,150,10),(83,83,9,0),(84,84,27,45),(85,85,363,5),(86,86,178,0),(87,87,225,0),(88,88,7,2),(89,89,8,0),(90,90,1,0),(91,91,6,0),(92,92,7,4),(93,93,126,0),(94,94,1462,400),(95,95,62,9),(96,96,2,0),(97,97,1,1),(98,98,0,0),(99,99,1,1),(100,100,1,1),(101,101,3,1),(102,102,4,4),(103,103,1,1),(104,104,1,1),(105,105,24,15),(106,106,12,11),(107,107,19,20),(108,108,35,1),(109,109,131,0),(110,110,13,5),(111,111,7,7),(112,112,346,304),(113,113,219,139),(114,114,4,4),(115,115,1,1),(116,116,2,2),(117,117,1,1),(118,118,1,1),(119,119,178,2),(120,120,26,15),(121,121,130,2),(122,122,176,0),(123,123,202,0),(124,124,141,6),(125,125,29,84),(126,126,232,221),(127,127,7,2),(128,128,1477,1419),(129,129,21,0),(130,130,24,11),(131,131,127,0),(132,132,128,0),(133,133,0,0),(134,134,2,0),(135,135,1,1),(136,136,195,188),(137,137,3,1),(138,138,831,625),(139,139,292,208),(140,140,273,95),(141,141,165,118),(142,142,68,42),(143,143,87,2),(144,144,6,0),(145,145,19,3),(146,146,29,28),(147,147,3,1),(148,148,146,4),(149,149,2,0),(150,150,1,1),(151,151,5,5),(152,152,0,0),(153,153,50,1),(154,154,164,1),(155,155,1,1),(156,156,1,1),(157,157,1,1),(158,158,1,1),(159,159,17,11),(160,160,0,0),(161,161,12,6),(162,162,0,0),(163,163,0,0),(164,164,1,1),(165,165,34,11),(166,166,38,10),(167,167,6,6),(168,168,27,1),(169,169,39,4),(170,170,34,1),(171,171,8,0),(172,172,1,1),(173,173,0,0),(174,174,62,0),(175,175,14,8),(176,176,38,4),(177,177,0,0),(178,178,28,2),(179,179,0,0),(180,180,1,1),(181,181,2,1),(182,182,1,1),(183,183,75,129),(184,184,191,152),(185,185,64,13),(186,186,26,6),(187,187,63,1),(188,188,133,6),(189,189,73,4),(190,190,31,2),(191,191,0,0),(192,192,19,3),(193,193,7,11),(194,194,30,1),(195,195,96,6),(196,196,0,0),(197,197,68,0),(198,198,110,1),(199,199,0,0),(200,200,2,1),(201,201,33,4),(202,202,3,0),(203,203,0,0),(204,204,9,9),(205,205,0,0),(206,206,2,0),(207,207,1,1),(208,208,37,37),(209,209,1,1),(210,210,0,0),(211,211,172,172),(212,212,18,18),(213,213,0,0),(214,214,1,1),(215,215,71,75),(216,216,1,1),(217,217,2,0),(218,218,2,0),(219,219,22,4),(220,220,3,2),(221,221,2989,2989),(222,222,128,128),(223,223,28,4),(224,224,39,17),(225,225,76,25),(226,226,3,50),(227,227,27,26),(228,228,13,15),(229,229,34,16),(230,230,29,30),(231,231,47,1),(232,232,0,0),(233,233,68,48),(234,234,99,87),(235,235,0,2),(236,236,4,3),(237,237,216,0),(238,238,73,26),(239,239,6,2),(240,240,93,0),(241,241,111,0),(242,242,162,656),(243,243,0,0),(244,244,4,4),(245,245,26,25),(246,246,67,67),(247,247,5,3),(248,248,0,0),(249,249,0,0),(250,250,0,2),(251,251,10,2),(252,252,0,0),(253,253,38,4),(254,254,20,12),(255,255,54,0),(256,256,35,0),(257,257,48,1),(258,258,1,1),(259,259,20,18),(260,260,0,0),(261,261,56,1),(262,262,36,23),(263,263,5,1),(264,264,4,4),(265,265,75,226),(266,266,64,2),(267,267,165,0),(268,268,10,0),(269,269,0,0),(270,270,856,851),(271,271,32,8),(272,272,12,2),(273,273,17,0),(274,274,5,0),(275,275,4,2),(276,276,26,25),(277,277,0,0),(278,278,2,2),(279,279,0,1),(280,280,0,0),(281,281,2,1),(282,282,130,4),(283,283,315,315),(284,284,0,0),(285,285,0,0),(286,286,315,315),(287,287,13,35),(288,288,22,6),(289,289,189,132),(290,290,3,5),(291,291,3,5),(292,292,0,1),(293,293,37,119),(294,294,0,0),(295,295,28,19),(296,296,6,1),(297,297,19,16),(298,298,24,15),(299,299,12,11),(300,300,19,20),(301,301,35,1),(302,302,131,0),(303,303,13,5),(304,304,7,7),(305,305,5,1),(306,306,1,1),(307,307,4,1),(308,308,173,0),(309,309,79,0),(310,310,27,2),(311,311,54,30),(312,312,19,11),(313,313,85,7),(314,314,30,0),(315,315,1,1),(316,316,50,9),(317,317,25,4),(318,318,2,2),(319,319,1,0),(320,320,48,0),(321,321,51,0),(322,322,8,4),(323,323,0,0),(324,324,8,0),(325,325,23,33),(326,326,65,0),(327,327,29,2),(328,328,133,0),(329,329,46,63),(330,330,7,3),(331,331,55,136),(332,332,31,23),(333,333,4,1),(334,334,8,7),(335,335,10,10),(336,336,0,0),(337,337,27,0),(338,338,1,1),(339,339,94,5),(340,340,0,0),(341,341,55,54),(342,342,37,4),(343,343,67,6),(344,344,42,21),(345,345,28,19),(346,346,15,5),(347,347,20,0),(348,348,13,21),(349,349,15,10),(350,350,41,9),(351,351,52,74),(352,352,82,151),(353,353,34,5),(354,354,164,176),(355,355,13,14),(356,356,16,28),(357,357,27,25),(358,358,48,74),(359,359,116,163),(360,360,19,50),(361,361,215,200),(362,362,2,3),(363,363,14,10),(364,364,3,5),(365,365,14,20),(366,366,156,0),(367,367,88,74),(368,368,475,13),(369,369,17,6),(370,370,450,34),(371,371,32,32),(372,372,19,19),(373,373,6,6),(374,374,0,0),(375,375,61,68),(376,376,0,0),(377,377,133,151),(378,378,305,433),(379,379,90,74),(380,380,25,43),(381,381,140,133),(382,382,42,59),(383,383,106,171),(384,384,56,48),(385,385,14,2),(386,386,159,58),(387,387,0,0),(388,388,22,8),(389,389,171,272),(390,390,41,56),(391,391,8,8),(392,392,9,4),(393,393,124,35),(394,394,151,72),(395,395,10,10),(396,396,28,10),(397,397,0,0),(398,398,19,10),(399,399,29,16),(400,400,334,0),(401,401,3,3),(402,402,110,0),(403,403,0,0),(404,404,3,42),(405,405,141,242),(406,406,1,1),(407,407,84,0),(408,408,3,42),(409,409,0,0),(410,410,44,22),(411,411,7,2),(412,412,0,0),(413,413,53,29),(414,414,143,885),(415,415,36,0),(416,416,51,22),(417,417,32,8),(418,418,98,53),(419,419,30,11),(420,420,67,21),(421,421,3,2),(422,422,12,13),(423,423,21,0),(424,424,0,0),(425,425,0,0),(426,426,26,26),(427,427,21,22),(428,428,25,25),(429,429,35,1),(430,430,1,1),(431,431,1,1),(432,432,1,2),(433,433,1,1),(434,434,0,0),(435,435,12,12),(436,436,15,3),(437,437,2,1),(438,438,5,0),(439,439,48,1),(440,440,3,3),(441,441,2,1),(442,442,0,0),(443,443,2,1),(444,444,12,24),(445,445,15,3),(446,446,5,0),(447,447,1,1),(448,448,171,0),(449,449,17,20),(450,450,45,0),(451,451,33,2),(452,452,91,0),(453,453,0,0),(454,454,1,0),(455,455,252,0),(456,456,1,1),(457,457,89,81),(458,458,27,0),(459,459,20,18),(460,460,3,1),(461,461,1,0),(462,462,7,7),(463,463,8,4),(464,464,7,0),(465,465,0,0),(466,466,12,1),(467,467,13,4),(468,468,0,0),(469,469,17,3),(470,470,14,10),(471,471,12,1),(472,472,42,13),(473,473,0,0),(474,474,28,32),(475,475,0,0),(476,476,1,1),(477,477,474,0),(478,478,92,0),(479,479,0,0),(480,480,16,7),(481,481,0,0);
/*!40000 ALTER TABLE `commits_lines` ENABLE KEYS */;
UNLOCK TABLES;

--
-- Table structure for table `companies`
--

DROP TABLE IF EXISTS `companies`;
/*!40101 SET @saved_cs_client     = @@character_set_client */;
/*!40101 SET character_set_client = utf8 */;
CREATE TABLE `companies` (
  `id` int(11) NOT NULL AUTO_INCREMENT,
  `name` varchar(255) NOT NULL,
  PRIMARY KEY (`id`)
) ENGINE=MyISAM AUTO_INCREMENT=6 DEFAULT CHARSET=utf8;
/*!40101 SET character_set_client = @saved_cs_client */;

--
-- Dumping data for table `companies`
--

LOCK TABLES `companies` WRITE;
/*!40000 ALTER TABLE `companies` DISABLE KEYS */;
INSERT INTO `companies` VALUES (1,'unknown'),(2,'barrapunto'),(3,'bitergia'),(4,'gsyc'),(5,'gmail');
/*!40000 ALTER TABLE `companies` ENABLE KEYS */;
UNLOCK TABLES;

--
-- Table structure for table `file_copies`
--

DROP TABLE IF EXISTS `file_copies`;
/*!40101 SET @saved_cs_client     = @@character_set_client */;
/*!40101 SET character_set_client = utf8 */;
CREATE TABLE `file_copies` (
  `id` int(11) NOT NULL,
  `to_id` int(11) DEFAULT NULL,
  `from_id` int(11) DEFAULT NULL,
  `from_commit_id` int(11) DEFAULT NULL,
  `new_file_name` mediumtext,
  `action_id` int(11) DEFAULT NULL,
  PRIMARY KEY (`id`),
  KEY `from_id` (`from_id`),
  KEY `to_id` (`to_id`),
  KEY `from_commit_id` (`from_commit_id`),
  KEY `action_id` (`action_id`)
) ENGINE=MyISAM DEFAULT CHARSET=utf8;
/*!40101 SET character_set_client = @saved_cs_client */;

--
-- Dumping data for table `file_copies`
--

LOCK TABLES `file_copies` WRITE;
/*!40000 ALTER TABLE `file_copies` DISABLE KEYS */;
INSERT INTO `file_copies` VALUES (1,18,16,31,NULL,57),(2,13,13,47,'ClassITSMonthly.R',103),(3,15,15,47,'ClassITSMonthlyChanged.R',104),(4,16,16,47,'ClassITSMonthlyClosed.R',105),(5,18,18,47,'ClassITSMonthlyLastClosed.R',106),(6,14,14,47,'ClassITSMonthlyOpen.R',107),(7,17,17,47,'ClassITSMonthlyVarious.R',108),(8,19,19,47,'ClassITSTicketsChangesTimes.R',109),(9,22,22,47,'ClassITSTicketsMovements.R',110),(10,9,9,47,'ClassITSTicketsTimes.R',111),(11,7,7,47,'ClassQuery.R',112),(12,8,8,47,'ClassQueryTimeSerie.R',113),(13,21,21,47,'ClassTimeSeriesMonths.R',114),(14,12,12,47,'ClassTimeSeriesYears.R',115),(15,20,20,47,'ClassTimedEvents.R',116),(16,10,10,47,'ClassTimes.R',117),(17,6,6,47,'vizgrimoire.R',118),(18,6,6,48,'A.R',166),(19,6,6,50,'Auxiliary.R',176),(20,87,87,94,'mls-analysis.R',271),(21,105,105,221,'ITS.R',433),(22,104,104,221,'MLS.R',434),(23,106,106,221,'SCM.R',435),(24,108,108,222,'its2identities.py',436),(25,127,127,246,'run_scripts-openstack.sh',480),(26,109,109,270,'its-analysis.R',517),(27,103,103,270,'mls-analysis.R',518),(28,129,129,270,'run_scripts-allura.sh',519),(29,130,130,270,'run_scripts-liferay.sh',520),(30,131,131,270,'run_scripts-openstack-gerrit.sh',521),(31,127,127,270,'run_scripts-openstack.sh',522),(32,110,110,270,'scm-analysis.R',523),(33,110,110,283,'scm-analysis.R-NEW',537),(34,110,110,286,'scm-analysis.R',538);
/*!40000 ALTER TABLE `file_copies` ENABLE KEYS */;
UNLOCK TABLES;

--
-- Table structure for table `file_links`
--

DROP TABLE IF EXISTS `file_links`;
/*!40101 SET @saved_cs_client     = @@character_set_client */;
/*!40101 SET character_set_client = utf8 */;
CREATE TABLE `file_links` (
  `id` int(11) NOT NULL,
  `parent_id` int(11) DEFAULT NULL,
  `file_id` int(11) DEFAULT NULL,
  `commit_id` int(11) DEFAULT NULL,
  `file_path` varchar(4096) DEFAULT NULL,
  PRIMARY KEY (`id`),
  KEY `parent_id` (`parent_id`),
  KEY `file_id` (`file_id`),
  KEY `commit_id` (`commit_id`)
) ENGINE=MyISAM DEFAULT CHARSET=utf8;
/*!40101 SET character_set_client = @saved_cs_client */;

--
-- Dumping data for table `file_links`
--

LOCK TABLES `file_links` WRITE;
/*!40000 ALTER TABLE `file_links` DISABLE KEYS */;
INSERT INTO `file_links` VALUES (1,-1,1,1,'README.md'),(2,-1,2,2,'examples'),(3,2,3,2,'examples/kdevelop'),(4,3,4,2,'examples/kdevelop/its-analysis.R'),(5,3,5,2,'examples/kdevelop/scm-analysis.R'),(6,-1,6,2,'vizgrimoire.R'),(7,-1,7,5,'ClassQuery.R'),(8,-1,8,5,'ClassQueryTimeSerie.R'),(9,-1,9,6,'ClassITSTicketsTimes.R'),(10,-1,10,7,'ClassTimes.R'),(11,-1,11,12,'INSTALL'),(12,-1,12,21,'ClassTimeSeriesYears.R'),(13,-1,13,24,'ClassITSMonthly.R'),(14,-1,14,24,'ClassITSMonthlyOpen.R'),(15,-1,15,28,'ClassITSMonthlyChanged.R'),(16,-1,16,28,'ClassITSMonthlyClosed.R'),(17,-1,17,29,'ClassITSMonthlyVarious.R'),(18,-1,18,31,'ClassITSMonthlyLastClosed.R'),(19,-1,19,39,'ClassITSTicketsChangesTimes.R'),(20,-1,20,39,'ClassTimedEvents.R'),(21,-1,21,41,'ClassTimeSeriesMonths.R'),(22,-1,22,45,'ClassITSTicketsMovements.R'),(23,-1,23,47,'vizgrimoire'),(24,23,24,47,'vizgrimoire/DESCRIPTION'),(25,23,25,47,'vizgrimoire/NAMESPACE'),(26,23,26,47,'vizgrimoire/R'),(27,26,13,47,'vizgrimoire/R/ClassITSMonthly.R'),(28,26,15,47,'vizgrimoire/R/ClassITSMonthlyChanged.R'),(29,26,16,47,'vizgrimoire/R/ClassITSMonthlyClosed.R'),(30,26,18,47,'vizgrimoire/R/ClassITSMonthlyLastClosed.R'),(31,26,14,47,'vizgrimoire/R/ClassITSMonthlyOpen.R'),(32,26,17,47,'vizgrimoire/R/ClassITSMonthlyVarious.R'),(33,26,19,47,'vizgrimoire/R/ClassITSTicketsChangesTimes.R'),(34,26,22,47,'vizgrimoire/R/ClassITSTicketsMovements.R'),(35,26,9,47,'vizgrimoire/R/ClassITSTicketsTimes.R'),(36,26,7,47,'vizgrimoire/R/ClassQuery.R'),(37,26,8,47,'vizgrimoire/R/ClassQueryTimeSerie.R'),(38,26,21,47,'vizgrimoire/R/ClassTimeSeriesMonths.R'),(39,26,12,47,'vizgrimoire/R/ClassTimeSeriesYears.R'),(40,26,20,47,'vizgrimoire/R/ClassTimedEvents.R'),(41,26,10,47,'vizgrimoire/R/ClassTimes.R'),(42,26,6,47,'vizgrimoire/R/vizgrimoire.R'),(43,23,27,47,'vizgrimoire/man'),(44,27,28,47,'vizgrimoire/man/ConfFromCommandLine.Rd'),(45,27,29,47,'vizgrimoire/man/FindoutRepoKind.Rd'),(46,27,30,47,'vizgrimoire/man/GetMonth.Rd'),(47,27,31,47,'vizgrimoire/man/GetYear.Rd'),(48,27,32,47,'vizgrimoire/man/ITSMonthly-class.Rd'),(49,27,33,47,'vizgrimoire/man/ITSMonthlyChanged-class.Rd'),(50,27,34,47,'vizgrimoire/man/ITSMonthlyClosed-class.Rd'),(51,27,35,47,'vizgrimoire/man/ITSMonthlyLastClosed-class.Rd'),(52,27,36,47,'vizgrimoire/man/ITSMonthlyOpen-class.Rd'),(53,27,37,47,'vizgrimoire/man/ITSMonthlyVarious-class.Rd'),(54,27,38,47,'vizgrimoire/man/ITSTicketsChangesTimes-class.Rd'),(55,27,39,47,'vizgrimoire/man/ITSTicketsTimes-class.Rd'),(56,27,40,47,'vizgrimoire/man/JSON-methods.Rd'),(57,27,41,47,'vizgrimoire/man/JSON.Rd'),(58,27,42,47,'vizgrimoire/man/Plot-methods.Rd'),(59,27,43,47,'vizgrimoire/man/Plot.Rd'),(60,27,44,47,'vizgrimoire/man/PlotDist-methods.Rd'),(61,27,45,47,'vizgrimoire/man/PlotDist.Rd'),(62,27,46,47,'vizgrimoire/man/QuantilizeMonths-methods.Rd'),(63,27,47,47,'vizgrimoire/man/QuantilizeMonths.Rd'),(64,27,48,47,'vizgrimoire/man/QuantilizeYears-methods.Rd'),(65,27,49,47,'vizgrimoire/man/QuantilizeYears.Rd'),(66,27,50,47,'vizgrimoire/man/Query-class.Rd'),(67,27,51,47,'vizgrimoire/man/Query-methods.Rd'),(68,27,52,47,'vizgrimoire/man/Query.Rd'),(69,27,53,47,'vizgrimoire/man/QueryTimeSerie-class.Rd'),(70,27,54,47,'vizgrimoire/man/SetDBChannel.Rd'),(71,27,55,47,'vizgrimoire/man/TimeSeriesYears-class.Rd'),(72,27,56,47,'vizgrimoire/man/TimedEvents-class.Rd'),(73,27,57,47,'vizgrimoire/man/Times-class.Rd'),(74,27,58,47,'vizgrimoire/man/completeZeroMonthly.Rd'),(75,27,59,47,'vizgrimoire/man/completeZeroWeekly.Rd'),(76,27,60,47,'vizgrimoire/man/initialize-methods.Rd'),(77,27,61,47,'vizgrimoire/man/mergeMonthly.Rd'),(78,27,62,47,'vizgrimoire/man/mergeWeekly.Rd'),(79,27,63,47,'vizgrimoire/man/plotBoxPlot.Rd'),(80,27,64,47,'vizgrimoire/man/plotHistogramTime.Rd'),(81,27,65,47,'vizgrimoire/man/plotTimeDist.Rd'),(82,27,66,47,'vizgrimoire/man/plotTimeSerieMonthN.Rd'),(83,27,67,47,'vizgrimoire/man/plotTimeSerieWeekN.Rd'),(84,27,68,47,'vizgrimoire/man/plotTimeSerieYearN.Rd'),(85,27,69,47,'vizgrimoire/man/run-methods.Rd'),(86,27,70,47,'vizgrimoire/man/show-methods.Rd'),(87,27,71,47,'vizgrimoire/man/toTextDate.Rd'),(88,27,72,47,'vizgrimoire/man/vizgrimoire-package.Rd'),(89,26,6,48,'vizgrimoire/R/A.R'),(90,26,6,50,'vizgrimoire/R/Auxiliary.R'),(91,2,73,56,'examples/demographics'),(92,73,74,56,'examples/demographics/scm-demographics.R'),(93,26,75,57,'vizgrimoire/R/ClassDemographics.R'),(94,73,76,62,'examples/demographics/scm-simple.R'),(95,26,77,63,'vizgrimoire/R/ClassAges.R'),(96,27,78,67,'vizgrimoire/man/Demographics.Rd'),(97,-1,79,68,'misc'),(98,79,80,68,'misc/unifypeople.py'),(99,26,81,76,'vizgrimoire/R/ClassAgesMulti.R'),(100,73,82,78,'examples/demographics/scm-linux.R'),(101,26,83,82,'vizgrimoire/R/ClassSCMPeriodActivity.R'),(102,2,84,85,'examples/vizGrimoireJS'),(103,84,85,85,'examples/vizGrimoireJS/scm-milestone0.R'),(104,84,86,86,'examples/vizGrimoireJS/its-milestone0.R'),(105,84,87,87,'examples/vizGrimoireJS/mls-milestone0.R'),(106,26,88,93,'vizgrimoire/R/ClassEventsMonthly.R'),(107,84,89,94,'examples/vizGrimoireJS/its-analysis.R'),(108,84,87,94,'examples/vizGrimoireJS/mls-analysis.R'),(109,84,90,94,'examples/vizGrimoireJS/scm-analysis.R'),(110,-1,91,105,'misc'),(111,91,92,105,'misc/unifypeople.py'),(112,91,93,109,'misc/domains_analysis.py'),(113,-1,94,112,'vizgrimoire'),(114,94,95,112,'vizgrimoire/R'),(115,95,96,112,'vizgrimoire/R/Auxiliary.R'),(116,91,97,119,'misc/domain_employer.py'),(117,91,98,121,'misc/check_groups.py'),(118,91,99,122,'misc/email_employer.py'),(119,91,100,123,'misc/its_gidm_importer.py'),(120,-1,101,124,'examples'),(121,101,102,124,'examples/vizGrimoireJS'),(122,102,103,124,'examples/vizGrimoireJS/mls-analysis.R'),(123,95,104,124,'vizgrimoire/R/AuxiliaryMLS.R'),(124,95,105,128,'vizgrimoire/R/AuxiliaryITS.R'),(125,95,106,128,'vizgrimoire/R/AuxiliarySCM.R'),(126,91,107,131,'misc/mls2identities.py'),(127,91,108,132,'misc/bts2identities.py'),(128,102,109,134,'examples/vizGrimoireJS/its-analysis.R'),(129,102,110,136,'examples/vizGrimoireJS/scm-analysis.R'),(130,95,111,153,'vizgrimoire/R/ClassITSTicketsTimes.R'),(131,-1,112,166,'examples'),(132,112,113,166,'examples/vizGrimoireJS'),(133,113,114,166,'examples/vizGrimoireJS/scm-analysis.R'),(134,-1,115,166,'vizgrimoire'),(135,115,116,166,'vizgrimoire/R'),(136,116,117,166,'vizgrimoire/R/AuxiliarySCM.R'),(137,-1,118,167,'misc'),(138,118,119,167,'misc/bts2identities.py'),(139,118,120,167,'misc/mls2identities.py'),(140,113,121,169,'examples/vizGrimoireJS/mls-analysis.R'),(141,116,122,169,'vizgrimoire/R/AuxiliaryMLS.R'),(142,113,123,171,'examples/vizGrimoireJS/update-its-openstack.sh'),(143,113,124,174,'examples/vizGrimoireJS/run_scripts.sh'),(144,113,125,176,'examples/vizGrimoireJS/its-analysis.R'),(145,116,126,176,'vizgrimoire/R/AuxiliaryITS.R'),(146,102,127,197,'examples/vizGrimoireJS/run_scripts.sh'),(147,95,105,221,'vizgrimoire/R/ITS.R'),(148,95,104,221,'vizgrimoire/R/MLS.R'),(149,95,106,221,'vizgrimoire/R/SCM.R'),(150,91,108,222,'misc/its2identities.py'),(151,91,128,237,'misc/countries_analysis.py'),(152,102,129,241,'examples/vizGrimoireJS/run_scripts-allura.sh'),(153,102,127,246,'examples/vizGrimoireJS/run_scripts-openstack.sh'),(154,102,130,253,'examples/vizGrimoireJS/run_scripts-liferay.sh'),(155,102,131,261,'examples/vizGrimoireJS/run_scripts-openstack-gerrit.sh'),(156,91,132,267,'misc/its_csv_accounts_importer.py'),(157,-1,133,270,'vizGrimoireJS'),(158,133,109,270,'vizGrimoireJS/its-analysis.R'),(159,133,103,270,'vizGrimoireJS/mls-analysis.R'),(160,133,129,270,'vizGrimoireJS/run_scripts-allura.sh'),(161,133,130,270,'vizGrimoireJS/run_scripts-liferay.sh'),(162,133,131,270,'vizGrimoireJS/run_scripts-openstack-gerrit.sh'),(163,133,127,270,'vizGrimoireJS/run_scripts-openstack.sh'),(164,133,110,270,'vizGrimoireJS/scm-analysis.R'),(165,95,134,271,'vizgrimoire/R/ClassDemographics.R'),(166,133,110,283,'vizGrimoireJS/scm-analysis.R-NEW'),(167,133,110,286,'vizGrimoireJS/scm-analysis.R'),(168,79,135,302,'misc/domains_analysis.py'),(169,79,136,308,'misc/domain_employer.py'),(170,79,137,309,'misc/checkaffiliation.py'),(171,79,138,326,'misc/metricsgrimoire-setup.py'),(172,2,139,328,'examples/github'),(173,139,140,328,'examples/github/vg-github.py'),(174,-1,141,331,'vizGrimoireJS'),(175,141,142,331,'vizGrimoireJS/mls-analysis.R'),(176,141,143,331,'vizGrimoireJS/run_scripts-allura.sh'),(177,141,144,331,'vizGrimoireJS/scm-analysis.R'),(178,-1,145,331,'vizgrimoire'),(179,145,146,331,'vizgrimoire/R'),(180,146,147,331,'vizgrimoire/R/MLS.R'),(181,146,148,332,'vizgrimoire/R/ClassDemographics.R'),(182,-1,149,333,'misc'),(183,149,150,333,'misc/its2identities.py'),(184,141,151,334,'vizGrimoireJS/run_scripts-liferay.sh'),(185,141,152,337,'vizGrimoireJS/its-analysis.R'),(186,146,153,339,'vizgrimoire/R/ITS.R'),(187,146,154,339,'vizgrimoire/R/SCM.R'),(188,146,155,359,'vizgrimoire/R/Auxiliary.R'),(189,141,156,368,'vizGrimoireJS/scm-analysis-reduced.R'),(190,149,157,394,'misc/unifypeople.py'),(191,141,158,400,'vizGrimoireJS/scm-analysis-min.R'),(192,146,159,402,'vizgrimoire/R/ClassMLSTimes.R'),(193,141,160,407,'vizGrimoireJS/its-analysis-gerrit.R'),(194,146,161,410,'vizgrimoire/R/ClassITSTicketsTimes.R'),(195,146,162,410,'vizgrimoire/R/ClassTimedEvents.R'),(196,-1,163,435,'vizGrimoireJS'),(197,163,164,435,'vizGrimoireJS/run_scripts-openstack.sh'),(198,163,165,437,'vizGrimoireJS/mls-analysis.R'),(199,-1,166,438,'README.md'),(200,-1,167,439,'vizgrimoire'),(201,167,168,439,'vizgrimoire/R'),(202,168,169,439,'vizgrimoire/R/ITS.R'),(203,163,170,440,'vizGrimoireJS/its-analysis.R'),(204,141,171,444,'vizGrimoireJS/run_scripts-openstack.sh'),(205,-1,172,446,'README.md'),(206,149,173,447,'misc/countries_analysis.py'),(207,149,174,448,'misc/irc_analysis.py'),(208,-1,175,450,'vizgrimoire'),(209,175,176,450,'vizgrimoire/R'),(210,176,177,450,'vizgrimoire/R/ITS.R'),(211,-1,178,451,'vizGrimoireJS'),(212,178,179,451,'vizGrimoireJS/mls-analysis.R'),(213,178,180,451,'vizGrimoireJS/run_scripts-mediawiki.sh'),(214,-1,181,452,'misc'),(215,181,182,452,'misc/validator_dbstatus.R'),(216,176,183,454,'vizgrimoire/R/SCM.R'),(217,176,184,455,'vizgrimoire/R/SCR.R'),(218,178,185,457,'vizGrimoireJS/scr-analysis.R'),(219,141,186,458,'vizGrimoireJS/run_scripts-mediawiki.sh'),(220,149,187,461,'misc/get-repos.sh'),(221,-1,188,477,'examples'),(222,188,189,477,'examples/github'),(223,189,190,477,'examples/github/scm-analysis-github.R'),(224,189,191,477,'examples/github/vg-github.py'),(225,149,192,478,'misc/metricsgrimoire-setup.py');
/*!40000 ALTER TABLE `file_links` ENABLE KEYS */;
UNLOCK TABLES;

--
-- Table structure for table `files`
--

DROP TABLE IF EXISTS `files`;
/*!40101 SET @saved_cs_client     = @@character_set_client */;
/*!40101 SET character_set_client = utf8 */;
CREATE TABLE `files` (
  `id` int(11) NOT NULL,
  `file_name` varchar(255) DEFAULT NULL,
  `repository_id` int(11) DEFAULT NULL,
  PRIMARY KEY (`id`),
  KEY `file_name` (`file_name`),
  KEY `repository_id` (`repository_id`)
) ENGINE=MyISAM DEFAULT CHARSET=utf8;
/*!40101 SET character_set_client = @saved_cs_client */;

--
-- Dumping data for table `files`
--

LOCK TABLES `files` WRITE;
/*!40000 ALTER TABLE `files` DISABLE KEYS */;
INSERT INTO `files` VALUES (1,'README.md',1),(2,'examples',1),(3,'kdevelop',1),(4,'its-analysis.R',1),(5,'scm-analysis.R',1),(6,'vizgrimoire.R',1),(7,'ClassQuery.R',1),(8,'ClassQueryTimeSerie.R',1),(9,'ClassITSTicketsTimes.R',1),(10,'ClassTimes.R',1),(11,'INSTALL',1),(12,'ClassTimeSeriesYears.R',1),(13,'ClassITSMonthly.R',1),(14,'ClassITSMonthlyOpen.R',1),(15,'ClassITSMonthlyChanged.R',1),(16,'ClassITSMonthlyClosed.R',1),(17,'ClassITSMonthlyVarious.R',1),(18,'ClassITSMonthlyLastClosed.R',1),(19,'ClassITSTicketsChangesTimes.R',1),(20,'ClassTimedEvents.R',1),(21,'ClassTimeSeriesMonths.R',1),(22,'ClassITSTicketsMovements.R',1),(23,'vizgrimoire',1),(24,'DESCRIPTION',1),(25,'NAMESPACE',1),(26,'R',1),(27,'man',1),(28,'ConfFromCommandLine.Rd',1),(29,'FindoutRepoKind.Rd',1),(30,'GetMonth.Rd',1),(31,'GetYear.Rd',1),(32,'ITSMonthly-class.Rd',1),(33,'ITSMonthlyChanged-class.Rd',1),(34,'ITSMonthlyClosed-class.Rd',1),(35,'ITSMonthlyLastClosed-class.Rd',1),(36,'ITSMonthlyOpen-class.Rd',1),(37,'ITSMonthlyVarious-class.Rd',1),(38,'ITSTicketsChangesTimes-class.Rd',1),(39,'ITSTicketsTimes-class.Rd',1),(40,'JSON-methods.Rd',1),(41,'JSON.Rd',1),(42,'Plot-methods.Rd',1),(43,'Plot.Rd',1),(44,'PlotDist-methods.Rd',1),(45,'PlotDist.Rd',1),(46,'QuantilizeMonths-methods.Rd',1),(47,'QuantilizeMonths.Rd',1),(48,'QuantilizeYears-methods.Rd',1),(49,'QuantilizeYears.Rd',1),(50,'Query-class.Rd',1),(51,'Query-methods.Rd',1),(52,'Query.Rd',1),(53,'QueryTimeSerie-class.Rd',1),(54,'SetDBChannel.Rd',1),(55,'TimeSeriesYears-class.Rd',1),(56,'TimedEvents-class.Rd',1),(57,'Times-class.Rd',1),(58,'completeZeroMonthly.Rd',1),(59,'completeZeroWeekly.Rd',1),(60,'initialize-methods.Rd',1),(61,'mergeMonthly.Rd',1),(62,'mergeWeekly.Rd',1),(63,'plotBoxPlot.Rd',1),(64,'plotHistogramTime.Rd',1),(65,'plotTimeDist.Rd',1),(66,'plotTimeSerieMonthN.Rd',1),(67,'plotTimeSerieWeekN.Rd',1),(68,'plotTimeSerieYearN.Rd',1),(69,'run-methods.Rd',1),(70,'show-methods.Rd',1),(71,'toTextDate.Rd',1),(72,'vizgrimoire-package.Rd',1),(73,'demographics',1),(74,'scm-demographics.R',1),(75,'ClassDemographics.R',1),(76,'scm-simple.R',1),(77,'ClassAges.R',1),(78,'Demographics.Rd',1),(79,'misc',1),(80,'unifypeople.py',1),(81,'ClassAgesMulti.R',1),(82,'scm-linux.R',1),(83,'ClassSCMPeriodActivity.R',1),(84,'vizGrimoireJS',1),(85,'scm-milestone0.R',1),(86,'its-milestone0.R',1),(87,'mls-milestone0.R',1),(88,'ClassEventsMonthly.R',1),(89,'its-analysis.R',1),(90,'scm-analysis.R',1),(91,'misc',1),(92,'unifypeople.py',1),(93,'domains_analysis.py',1),(94,'vizgrimoire',1),(95,'R',1),(96,'Auxiliary.R',1),(97,'domain_employer.py',1),(98,'check_groups.py',1),(99,'email_employer.py',1),(100,'its_gidm_importer.py',1),(101,'examples',1),(102,'vizGrimoireJS',1),(103,'mls-analysis.R',1),(104,'AuxiliaryMLS.R',1),(105,'AuxiliaryITS.R',1),(106,'AuxiliarySCM.R',1),(107,'mls2identities.py',1),(108,'bts2identities.py',1),(109,'its-analysis.R',1),(110,'scm-analysis.R',1),(111,'ClassITSTicketsTimes.R',1),(112,'examples',1),(113,'vizGrimoireJS',1),(114,'scm-analysis.R',1),(115,'vizgrimoire',1),(116,'R',1),(117,'AuxiliarySCM.R',1),(118,'misc',1),(119,'bts2identities.py',1),(120,'mls2identities.py',1),(121,'mls-analysis.R',1),(122,'AuxiliaryMLS.R',1),(123,'update-its-openstack.sh',1),(124,'run_scripts.sh',1),(125,'its-analysis.R',1),(126,'AuxiliaryITS.R',1),(127,'run_scripts.sh',1),(128,'countries_analysis.py',1),(129,'run_scripts-allura.sh',1),(130,'run_scripts-liferay.sh',1),(131,'run_scripts-openstack-gerrit.sh',1),(132,'its_csv_accounts_importer.py',1),(133,'vizGrimoireJS',1),(134,'ClassDemographics.R',1),(135,'domains_analysis.py',1),(136,'domain_employer.py',1),(137,'checkaffiliation.py',1),(138,'metricsgrimoire-setup.py',1),(139,'github',1),(140,'vg-github.py',1),(141,'vizGrimoireJS',1),(142,'mls-analysis.R',1),(143,'run_scripts-allura.sh',1),(144,'scm-analysis.R',1),(145,'vizgrimoire',1),(146,'R',1),(147,'MLS.R',1),(148,'ClassDemographics.R',1),(149,'misc',1),(150,'its2identities.py',1),(151,'run_scripts-liferay.sh',1),(152,'its-analysis.R',1),(153,'ITS.R',1),(154,'SCM.R',1),(155,'Auxiliary.R',1),(156,'scm-analysis-reduced.R',1),(157,'unifypeople.py',1),(158,'scm-analysis-min.R',1),(159,'ClassMLSTimes.R',1),(160,'its-analysis-gerrit.R',1),(161,'ClassITSTicketsTimes.R',1),(162,'ClassTimedEvents.R',1),(163,'vizGrimoireJS',1),(164,'run_scripts-openstack.sh',1),(165,'mls-analysis.R',1),(166,'README.md',1),(167,'vizgrimoire',1),(168,'R',1),(169,'ITS.R',1),(170,'its-analysis.R',1),(171,'run_scripts-openstack.sh',1),(172,'README.md',1),(173,'countries_analysis.py',1),(174,'irc_analysis.py',1),(175,'vizgrimoire',1),(176,'R',1),(177,'ITS.R',1),(178,'vizGrimoireJS',1),(179,'mls-analysis.R',1),(180,'run_scripts-mediawiki.sh',1),(181,'misc',1),(182,'validator_dbstatus.R',1),(183,'SCM.R',1),(184,'SCR.R',1),(185,'scr-analysis.R',1),(186,'run_scripts-mediawiki.sh',1),(187,'get-repos.sh',1),(188,'examples',1),(189,'github',1),(190,'scm-analysis-github.R',1),(191,'vg-github.py',1),(192,'metricsgrimoire-setup.py',1);
/*!40000 ALTER TABLE `files` ENABLE KEYS */;
UNLOCK TABLES;

--
-- Table structure for table `identities`
--

DROP TABLE IF EXISTS `identities`;
/*!40101 SET @saved_cs_client     = @@character_set_client */;
/*!40101 SET character_set_client = utf8 */;
CREATE TABLE `identities` (
  `id` int(11) NOT NULL AUTO_INCREMENT,
  `upeople_id` int(11) NOT NULL,
  `identity` varchar(256) NOT NULL,
  `type` varchar(24) DEFAULT NULL,
  PRIMARY KEY (`id`)
) ENGINE=MyISAM AUTO_INCREMENT=22 DEFAULT CHARSET=utf8;
/*!40101 SET character_set_client = @saved_cs_client */;

--
-- Dumping data for table `identities`
--

LOCK TABLES `identities` WRITE;
/*!40000 ALTER TABLE `identities` DISABLE KEYS */;
INSERT INTO `identities` VALUES (1,1,'Alvaro del Castillo','name'),(2,2,'Jesus M. Gonzalez-Barahona','name'),(3,4,'Daniel Izquierdo Cortazar','name'),(4,4,'Daniel Izquierdo','name'),(5,5,'Luis Cañas-Díaz','name'),(6,7,'softmarina','name'),(7,8,'Owl Bot','name'),(8,1,'acs@barrapunto.com','email'),(9,1,'acs@bitergia.com','email'),(10,2,'jgb@gsyc.es','email'),(11,4,'dizquierdo@bitergia.com','email'),(12,5,'lcanas@bitergia.com','email'),(13,7,'mdoriagcortazar@gmail.com','email'),(14,8,'info@bitergia.com','email'),(15,9,'sanacl','user_id'),(16,10,'jgbarah','user_id'),(17,11,'athanrous','user_id'),(18,12,'nobody','user_id'),(19,13,'dicortazar','user_id'),(20,14,'acs','user_id'),(21,15,'mmoya','user_id');
/*!40000 ALTER TABLE `identities` ENABLE KEYS */;
UNLOCK TABLES;

--
-- Table structure for table `people`
--

DROP TABLE IF EXISTS `people`;
/*!40101 SET @saved_cs_client     = @@character_set_client */;
/*!40101 SET character_set_client = utf8 */;
CREATE TABLE `people` (
  `id` int(11) NOT NULL,
  `name` varchar(255) DEFAULT NULL,
  `email` varchar(255) DEFAULT NULL,
  PRIMARY KEY (`id`)
) ENGINE=MyISAM DEFAULT CHARSET=utf8;
/*!40101 SET character_set_client = @saved_cs_client */;

--
-- Dumping data for table `people`
--

LOCK TABLES `people` WRITE;
/*!40000 ALTER TABLE `people` DISABLE KEYS */;
INSERT INTO `people` VALUES (1,'Alvaro del Castillo','acs@barrapunto.com'),(2,'Jesus M. Gonzalez-Barahona','jgb@gsyc.es'),(3,'Alvaro del Castillo','acs@bitergia.com'),(4,'Daniel Izquierdo Cortazar','dizquierdo@bitergia.com'),(5,'Luis Cañas-Díaz','lcanas@bitergia.com'),(6,'Daniel Izquierdo','dizquierdo@bitergia.com'),(7,'softmarina','mdoriagcortazar@gmail.com'),(8,'Owl Bot','info@bitergia.com');
/*!40000 ALTER TABLE `people` ENABLE KEYS */;
UNLOCK TABLES;

--
-- Table structure for table `people_upeople`
--

DROP TABLE IF EXISTS `people_upeople`;
/*!40101 SET @saved_cs_client     = @@character_set_client */;
/*!40101 SET character_set_client = utf8 */;
CREATE TABLE `people_upeople` (
  `people_id` int(11) NOT NULL,
  `upeople_id` int(11) NOT NULL,
  PRIMARY KEY (`people_id`)
) ENGINE=MyISAM DEFAULT CHARSET=utf8;
/*!40101 SET character_set_client = @saved_cs_client */;

--
-- Dumping data for table `people_upeople`
--

LOCK TABLES `people_upeople` WRITE;
/*!40000 ALTER TABLE `people_upeople` DISABLE KEYS */;
INSERT INTO `people_upeople` VALUES (1,1),(2,2),(3,1),(4,4),(5,5),(6,4),(7,7),(8,8);
/*!40000 ALTER TABLE `people_upeople` ENABLE KEYS */;
UNLOCK TABLES;

--
-- Table structure for table `repositories`
--

DROP TABLE IF EXISTS `repositories`;
/*!40101 SET @saved_cs_client     = @@character_set_client */;
/*!40101 SET character_set_client = utf8 */;
CREATE TABLE `repositories` (
  `id` int(11) NOT NULL,
  `uri` varchar(255) DEFAULT NULL,
  `name` varchar(255) DEFAULT NULL,
  `type` varchar(30) DEFAULT NULL,
  PRIMARY KEY (`id`)
) ENGINE=MyISAM DEFAULT CHARSET=utf8;
/*!40101 SET character_set_client = @saved_cs_client */;

--
-- Dumping data for table `repositories`
--

LOCK TABLES `repositories` WRITE;
/*!40000 ALTER TABLE `repositories` DISABLE KEYS */;
INSERT INTO `repositories` VALUES (1,'https://github.com/VizGrimoire/VizGrimoireR.git','VizGrimoireR.git','git');
/*!40000 ALTER TABLE `repositories` ENABLE KEYS */;
UNLOCK TABLES;

--
-- Table structure for table `scmlog`
--

DROP TABLE IF EXISTS `scmlog`;
/*!40101 SET @saved_cs_client     = @@character_set_client */;
/*!40101 SET character_set_client = utf8 */;
CREATE TABLE `scmlog` (
  `id` int(11) NOT NULL,
  `rev` mediumtext,
  `committer_id` int(11) DEFAULT NULL,
  `author_id` int(11) DEFAULT NULL,
  `date` datetime DEFAULT NULL,
  `message` longtext,
  `composed_rev` tinyint(1) DEFAULT NULL,
  `repository_id` int(11) DEFAULT NULL,
  PRIMARY KEY (`id`),
  KEY `committer_id` (`committer_id`),
  KEY `author_id` (`author_id`),
  KEY `repository_id` (`repository_id`)
) ENGINE=MyISAM DEFAULT CHARSET=utf8;
/*!40101 SET character_set_client = @saved_cs_client */;

--
-- Dumping data for table `scmlog`
--

LOCK TABLES `scmlog` WRITE;
/*!40000 ALTER TABLE `scmlog` DISABLE KEYS */;
INSERT INTO `scmlog` VALUES (1,'228732f33cfc0ae4ddcb89d386778677f0190a65',1,1,'2012-08-21 20:09:44','    first commit\n',0,1),(2,'8fa8c9a465f19d7baef8431a3ac0bf8daa4c7794',2,2,'2012-08-27 12:48:16','    Very first try. Just using the old scripts that at some point will\n    give place to the real vizGrimoire thing.\n',0,1),(3,'18b65dd8b94826c2fefb906b08f2245a60c27260',2,2,'2012-08-27 17:49:07','    First tries with S4 objects. Still a lot to go...\n',0,1),(4,'cc1c4126535b04a73f95c58f198c4472456cc42f',2,2,'2012-08-28 00:50:54','    Testing inheritance...\n',0,1),(5,'21b87917cd15e5f74df6e05ffc60717567822a22',2,2,'2012-08-28 01:30:53','    Now playing with having separate files for each class...\n',0,1),(6,'343e6e415b8bce3350698867b518e492c093e838',2,2,'2012-08-28 02:56:23','    Still playing with inheritance\n',0,1),(7,'7ffff9de215b548de3ad92b27d35b548a1f676d5',2,2,'2012-08-28 03:15:55','    New class for times (eg., vector with time to fix for each ticket).\n    It knows how to plot its own distribution.\n',0,1),(8,'47f445eda311f764b420de53ebc9577acd4664b9',2,2,'2012-08-28 13:11:38','    Now all calls to PlotDist for times vectors seem to work.\n',0,1),(9,'643b2c5ffe972a906c301b23c6737bbb71707bda',2,2,'2012-08-28 19:24:30','    Some clean-up.\n    Inclussion of some more info in the Times class.\n',0,1),(10,'91be3fd0648d2b63fd1215fda56f21317f4f3731',2,2,'2012-08-28 23:42:38','    Starting to write doc...\n',0,1),(11,'664a37c7bb005e7a217afe04cc6b2d9271862871',2,2,'2012-08-28 23:44:06','    Merge branch \'master\' of github.com:VizGrimoire/VizGrimoireR\n',0,1),(12,'3d80c0ba70f30507110b5e9d70dd54a6255e211c',2,2,'2012-08-29 01:00:43','    Starting a (for now empty) INSTALL file\n',0,1),(13,'4f1a504754656bab0b6f525efaf5a934c1f1f313',2,2,'2012-08-29 01:39:09','    Merge branch \'master\' of github.com:VizGrimoire/VizGrimoireR\n',0,1),(14,'22e8ea67330298f8f3392a3a6fbf75243cd47332',2,2,'2012-08-29 11:02:13','    Fixing wrong var name\n',0,1),(15,'8182e1b5d45e121ccd015517ed083557d6346c01',2,2,'2012-08-29 12:45:59','    Moving quantilization per years to ITSTicketsTimes class.\n',0,1),(16,'4800a8825a298ef80705393b38b20296253cd959',2,2,'2012-08-29 13:03:37','    Moving to double comments\n',0,1),(17,'3e8ba112632c152f66b89632b14798d40b09bc25',2,2,'2012-09-17 20:47:50','    Starting some doc...\n',0,1),(18,'8d1b1f1d351480228318607edd43607cfd121d93',2,2,'2012-09-17 21:01:10','    Some more doc...\n',0,1),(19,'1898021e94f5e9c8ed968772f418ac429e011638',2,2,'2012-09-17 21:13:56','    Completing doc for currently implemented classes.\n',0,1),(20,'bb11df1e3bc701a8081226c21c51ff24388a7f85',2,2,'2012-09-18 02:21:07','    Added class\n',0,1),(21,'b9d33a28784e4cf12ad7e3b244c0d9613ea3274a',2,2,'2012-09-18 02:21:47','    Added class TimeSeriesYears with plotting and generating JSON functions\n',0,1),(22,'f3544b581ce1dc82b51843202b668215e03a27e7',2,2,'2012-09-18 08:13:18','    Clean up a bit.\n',0,1),(23,'51ece09d0cf9ba45a76c251cc867619ce4307e75',2,2,'2012-09-18 13:37:03','    Added some more methods, including JSON dumping.\n',0,1),(24,'0066f26c6bc9630b05682917c25d7a62c0bfa85b',2,2,'2012-09-18 14:46:25','    First try at a class for dealing with open issues per month.\n',0,1),(25,'80ebec873c065dcf73755e4002f31ad31a71dc95',2,2,'2012-09-18 17:11:37','    dvancing with the implementation of classes ITSMonthly and ITSMonthlyOpen\n',0,1),(26,'75f33db8e49137fe94d501ac9c0bb9e2373f97aa',2,2,'2012-09-18 19:06:40','    Now class ITSMonthly does most of the work, initiazing the object,\n    filling in missing months with zeros, producing columns for year,\n    month and date as \"Feb 2012\".\n    JSON generation also seems to work\n',0,1),(27,'9764599279dd4c9d275e5e74fd88e4a6461290d2',2,2,'2012-09-18 20:32:47','    Updated doc to new classes.\n',0,1),(28,'23205cf2e9fb2d963d587674105840ae5cb78a2c',2,2,'2012-09-18 20:53:45','    Some more classes in the ITSMontly hierarchy.\n',0,1),(29,'e3edc27e9fea7e3a0f62e721201d0d9aa4a42c2a',2,2,'2012-09-18 23:24:50','    New class for getting all monthly parameters at once.\n',0,1),(30,'3f2832c648e9820bdf94ef2ef5367225f5e26b3c',2,2,'2012-09-18 23:29:34','    Updated with info about class ITSMonthlyVarious\n',0,1),(31,'44ddf2a4d5e2437be602b9707e803d0015a7eba3',2,2,'2012-09-18 23:50:11','    Added new class ITSMonthlyLastClosed\n',0,1),(32,'1ec73265a3fd17eb282437383834946a3a070465',2,2,'2012-09-19 00:07:28','    New method Plot for class ITSMonthly (and all its descendants)\n',0,1),(33,'670ba19bb8c232c1725325a7d7f8c51e0119572f',2,2,'2012-09-19 00:16:21','    Now all Plots for monthly parameters are done with the hierarchy of classes.\n',0,1),(34,'12ca735cbb0c14e40d8dec3a7b53adf1cb2869b2',2,2,'2012-09-19 00:27:57','    Licensing...\n',0,1),(35,'9b57624719a30f8937491bfdbe25572e8832dd4b',2,2,'2012-09-19 00:48:38','    Moving analysis of command line parameters to a function in vizgrimoire.R\n',0,1),(36,'c354406dc5c7e9379fc06881be39fc4826ca9a26',2,2,'2012-09-19 00:54:48','    Some cleanup, and adding a new conf parameter: kind of ITS repository\n',0,1),(37,'8c35373d7e9aaffee0b32dc6f995ff65f0389714',2,2,'2012-09-30 18:48:06','    Improved management of tickets times (time to fix, etc.)\n',0,1),(38,'555bdd84e4be3438dd95a0b03c06e06253aab340',2,2,'2012-10-01 00:37:44','    Better implementation of quantiles for tickets\n',0,1),(39,'b7da1f1305d93b477f9ca99ef127d3436664fef3',2,2,'2012-10-01 08:06:33','    Rearchitechting of classes for timed events (time-to-fix, time-to-attend, etc.)\n',0,1),(40,'e701feba3c8633e2116e2edc984f08ed76e200d3',2,2,'2012-10-01 08:09:39','    Minor clean-up\n',0,1),(41,'5c09d06f8ebdf2de26f0e8721957417d93312cb9',2,2,'2012-10-13 19:23:28','    Adding quantiles per month.\n',0,1),(42,'a417b9f5c246b5e3fb0d63d56476ec44217a232a',2,2,'2012-10-14 23:01:06','    Added closers and lastclosers to corresponding dataframes.\n',0,1),(43,'c6cc8738036e380bf74e45d651965c0dde7e1ab2',2,2,'2012-10-23 14:20:06','    Query for time to fix in Jira (testing it with LifeRay)\n',0,1),(44,'66a1a9cedfa491c26a59bc11fb619f4dc9b73a9d',2,2,'2012-10-24 00:00:12','    Query for Jira.\n',0,1),(45,'e1880fb4992f49093bd49fbe7ca9912cafb75605',2,2,'2012-10-24 01:47:43','    First try at having counts for comments and changes per ticket.\n',0,1),(46,'8f55563b6b9b4ccce112530a634bbf2c82fad3f1',2,2,'2012-10-24 01:59:59','    Better histograms\n',0,1),(47,'e996415c473ef6d0168448610b3bf9ca8e671ef4',2,2,'2012-11-27 23:52:33','    First try at an R package.\n',0,1),(48,'dad0d25404585b86e4b726608507a360075f1ffd',2,2,'2012-11-28 11:11:36','    Now as a package. The package can be installed, and seems to work...\n',0,1),(49,'0eac870dd4bd3f4a91ed709c882f553c65590824',2,2,'2012-12-04 20:46:15','    Updated info. This is now an R package.\n',0,1),(50,'ab475f0fc771767c870f32ec149901ffacee8909',2,2,'2012-12-04 23:51:30','    A bit of clean-up (mainly fixing small things, commenting out unused code)\n',0,1),(51,'89121699d9770f7ca3358f421e412acc492ec0f8',2,2,'2012-12-05 00:41:06','    Cleaning code...\n',0,1),(52,'1ff1a83ad7031fed053350f9ddb63e0a27618c6c',2,2,'2012-12-16 17:42:43','    Some clean-up.\n    Some review of the documentation...\n',0,1),(53,'a632968a408bd92d1834e7a61b19d1b8660ae713',2,2,'2012-12-16 17:55:09','    Still improving documentation...\n',0,1),(54,'a9499163057c7f66cb6812702b5ae4bd1535e7b9',2,2,'2012-12-17 01:29:28','    Some fixes here and there...\n',0,1),(55,'bf585165967d578474d103bd49ab3db50ac3774f',2,2,'2012-12-17 01:30:19','    Minor changes...\n',0,1),(56,'605721fbed423b945f5c8089d7b5f9418b74549e',2,2,'2012-12-17 01:30:35','    Starting to work on demographics for developers\n',0,1),(57,'94553e0326287592da219a1897b29f7bdae53c38',2,2,'2012-12-17 01:54:15','    New class for dealing with developer demograhpics.\n',0,1),(58,'5d7a4df3d613bcdc4b2a0c02240c6315956884a6',2,2,'2012-12-17 01:55:08','    Minor change to start testing Dempgraphics class\n',0,1),(59,'501da304e7679ec1882fb660f40c0531ed865122',2,2,'2012-12-17 02:50:54','    Now we have demographic pyramids.\n',0,1),(60,'35c90ef5f240ded8b972c514cd0f146da93dec26',2,2,'2012-12-17 09:46:12','    Now, reads UTF8 from database, as intended.\n     (thx acs for the pointer)\n',0,1),(61,'7c24d2710d844e281cbaea149b9ddce60cb4ad12',2,2,'2012-12-17 12:52:17','    Support for MySQL groups (for auth and connection data).\n',0,1),(62,'d0a69ccabb819b54f2ac2dcbd63d859866709f11',2,2,'2012-12-17 12:53:20','    Simple demo for the Demographics class.\n',0,1),(63,'74180310ae2ed0c0e35871308ce61e7e4f42b840',2,2,'2012-12-24 17:57:16','    Better support for ages and demographic piramyds.\n',0,1),(64,'831c8744e6228e148f7d9e107782f1eafe982d5a',1,1,'2012-12-18 08:17:56','    Use a better name for the demographics file: scm-demographics-2012.json\n',0,1),(65,'02424ef6e00acd6613ce1ee1c63b66ede2cd556f',2,2,'2012-12-24 18:00:53','    Merge branch \'master\' of github.com:VizGrimoire/VizGrimoireR\n    \n    Conflicts:\n    	examples/demographics/scm-simple.R\n',0,1),(66,'9d4f1fe6c40984aad3894a8c01e4da4fa74a5865',2,2,'2012-12-24 18:22:09','    Example script will be scm-demographics.R\n',0,1),(67,'c1a585f22fd799409e29c358bff9f8cca73bf433',2,2,'2012-12-24 18:44:27','    Starting to document Demographics class.\n',0,1),(68,'dbca9f3a9e354772f241b2bc5d16d30b0e2143f0',2,2,'2012-12-25 13:19:22','    First version for a helper script for finding unique people.\n',0,1),(69,'eea85043f62362b9f6379f909aff64cb2072a4ca',2,2,'2012-12-26 10:58:26','    Changes to work with 127.0.0.1 instead of localhost,\n    and some related changes.\n',0,1),(70,'5454f1b883536a4c36455c2700eb35eb73093c6b',2,2,'2012-12-26 10:59:21','    Adapting to changes (to work with 127.0.0.1)\n',0,1),(71,'3371bb99fc2f4d09db9cd25317e91ceb84dcdbe8',2,2,'2012-12-27 19:30:32','    Sort of works for the Linux kernel cvsanaly database (852 dups found)\n    Some manual reviewing of results was made.\n',0,1),(72,'132d5e894d346f2547d91b4fab2d44ff348941d4',2,2,'2012-12-27 20:10:24','    Parameter added to Demographics class: query to get the demographics data\n',0,1),(73,'431c0c4eeec3ec06196782309fd3c9e79c610c3b',2,2,'2012-12-27 20:14:32','    Option to use upeople table, if available.\n',0,1),(74,'e7b44ab8cfa098b00a4daa30cfe68889caa27957',2,2,'2012-12-28 19:17:49','    New code for producing data (JSON files) and charts for the\n    ages of developers at a certain date.\n',0,1),(75,'228aa46ef75fce506eec202b2c58230c10ec36ef',2,2,'2012-12-28 19:25:57','    Minor changes to interface of methods.\n',0,1),(76,'ed66ba7102b0277beb35910b310df653c8ef6be6',2,2,'2012-12-28 23:43:12','    New class for handling ages corresponding to several dates.\n',0,1),(77,'febd3e6b128675a655c99e317feffe8395b96681',2,2,'2012-12-29 00:16:54','    3D pyramids almost done.\n',0,1),(78,'857d10bb28d1742fda6e26f025d47fc756674cb2',2,2,'2012-12-29 00:19:38','    Script for getting pyramids from Linux kernel, now using the\n    last functionality in vizgrimoire\n',0,1),(79,'8d7893e9a3156e0d2c6196469e9fc6ade667b423',2,2,'2012-12-29 13:14:34','    Fixed some (relatively) minor issues. Now it should work better...\n',0,1),(80,'8b56f4c1de8109aa5fd76a43e0f3f63318e7dea3',2,2,'2012-12-29 19:52:59','    Minor issues to tweak some of the charts and 3D charts.\n',0,1),(81,'44cccbc5e868a807b3110cb7e661cfa85400c319',2,2,'2012-12-29 20:31:11','    Added JSON export.\n',0,1),(82,'5ab1d212043f6212de5f3a9d2fe329665cdb6be9',2,2,'2013-01-26 13:58:36','    First version of the class...\n',0,1),(83,'d5d604c789816c6e3f7c95cb3cdb626b575ef3bb',2,2,'2013-01-26 14:14:43','    Reverting wrong change.\n',0,1),(84,'9140d558d5af474ef1025d42020001c76395793b',2,2,'2013-01-26 14:41:44','    Some minor issues fixed, now it seems to work\n',0,1),(85,'3f3c4d364415ec8dde51e3799c5de8ee0ec246df',2,2,'2013-01-30 22:48:38','    Adding code to work with vizGrimoireJS.\n    This is still preliminary, should be recoded as a hierarchy of classes.\n',0,1),(86,'9e38c3b148339f7df8b317ec558add0f14702858',2,2,'2013-01-30 23:55:45','    Example for generating JSON files for vizGrimoireJS.\n',0,1),(87,'3ab90c2f8da5517c385b98e23684cd57224fe88c',2,2,'2013-01-31 00:38:50','    Adding example for supporting MLStats databases with vizGrimoireJS.\n',0,1),(88,'9ea07c58c628054dab0e8553365ffec29cfe7fbb',2,2,'2013-02-12 20:45:45','    Minor changes.\n',0,1),(89,'4bbfc88480dea667b6bea19b8327fb7850136534',2,2,'2013-02-12 20:46:22','    Changes to produce JSON required by vizGrimoireJS\n',0,1),(90,'bb15da8e81b66f0f6fb3674093145acd786778a1',2,2,'2013-02-12 20:47:46','    Cosmetics.\n',0,1),(91,'bf431e760dde8d9e7c02b63bb350d8f7eea6df49',2,2,'2013-02-12 20:47:55','    First try at a general class for all monthly events.\n',0,1),(92,'bea470c4dbb87c519bbeba1320d0c42431df97a2',2,2,'2013-02-13 00:24:16','    Fix (need order to calculate first and last date)\n',0,1),(93,'23de343c6ab708d0eb371d7112a0812bcd4fd97b',2,2,'2013-02-18 22:04:29','    Class for representing monthly events.\n',0,1),(94,'7c3b95518d38ace6e6732c2cba504b3d4047c4ff',1,1,'2013-03-01 20:01:21','    Branch for complete integration with VizGrimoireJS\n',0,1),(95,'9a4aa61ebdfebcbd2d7741646792c5b581c1a550',1,1,'2013-03-05 08:11:57','    Added committers metric to repos and companies reports\n',0,1),(96,'6ea0a9dd5e399f4ec9a036e410ab40ae554ee9e8',1,1,'2013-03-05 08:22:01','    Added committers data to static repos and companies info\n',0,1),(97,'da35e29f611a38b2a69ee8eb02cadad57ed64483',3,3,'2013-03-05 08:25:54','    Fix repo_committers function name\n',0,1),(98,'adaded5023c84c379dbc27106ea398cc98dbccbd',1,1,'2013-03-05 08:22:33','    Merge branch \'vizgrimoirejs\' of https://github.com/VizGrimoire/VizGrimoireR into vizgrimoirejs\n',0,1),(99,'c372f68b2ab8f016dd71e8c9c1d6047d348b4181',3,3,'2013-03-05 12:10:26','    Limit number of URLs in static mls info to 1\n',0,1),(100,'ff4d0537cad9aeaedeca1326a9eb497f6874478c',3,3,'2013-03-06 08:23:50','    Removed wrong label in options help\n',0,1),(101,'167a968828b9e9262d8c31a71d9e8f267d3ad203',3,3,'2013-03-06 10:27:43','    Added JIRA closed condition\n',0,1),(102,'9b0839c78792c2c8322675c756f8e217ccb337c8',3,3,'2013-03-06 10:45:04','    Fix closed query for ITS\n',0,1),(103,'f4942ff726be487e4ec26da0df67a1e0ccde02de',3,3,'2013-03-06 11:29:13','    Fixed the closed condition for JIRA\n',0,1),(104,'3c16fcf625061560edb94c5acfd5cf24bd30d4e2',2,2,'2013-03-06 14:11:28','    Fixinig minor issues\n',0,1),(105,'d4da2df384c5d671f5601dd73d3abab93089d271',4,4,'2013-03-06 18:20:27','    Updating unifypeople.py script to fit with the new database schema\n',0,1),(106,'38ebbc8f49838c572d0b3c09fa5ecdd363b9ecd1',4,4,'2013-03-06 18:42:56','    minor updates, clarifying fields\n',0,1),(107,'7edda3bb627331f8a8407780f7dc743f4dbcc5a3',4,4,'2013-03-07 12:19:57','    Database schema improved\n',0,1),(108,'abea37f1a9385004c31de08d2281525ff5562b70',4,4,'2013-03-07 12:59:58','    Added the creation of identities table based on previous created tables\n',0,1),(109,'e9e1bad04a798e790cd9b0c4fabefd7c684c6379',4,4,'2013-03-07 13:11:17','    automatic domain analysis based on information provided by identities table\n',0,1),(110,'2a2874bce772f0ed30d8a521bd7c41426116bea4',4,4,'2013-03-07 14:51:24','    adding identifier field to upeople table to have a \'cannonical\' name to refer a dev\n',0,1),(111,'e34fca9cce295256ac548a4d63e70bd4ca8ce4f5',4,4,'2013-03-07 14:58:00','    minor fixes\n',0,1),(112,'d432d63378c5b640025a1abaa532855d6e989c0d',4,4,'2013-03-07 16:17:27','    all of the queries related to companies updated to new database schema of unique ids and companies\n',0,1),(113,'c0f638b8719ef076e3a9d4c7bea5f7ef3929dc03',4,4,'2013-03-07 17:38:17','    Updating queries to work with unique ids\n',0,1),(114,'8c8425c407697fbc0525a5a62eb0dd8853021c93',4,4,'2013-03-07 18:15:01','    minor fixes\n',0,1),(115,'9b2968d1cedfe8b679b5b66b63153f02d104b39a',4,4,'2013-03-07 18:18:06','    minor fixes\n',0,1),(116,'cb7a963ec8d55916f681054631d7e0fe0164ff3b',4,4,'2013-03-07 18:19:51','    minor fixes\n',0,1),(117,'d47be97af23fa9e492445aea9e5a388706166a12',4,4,'2013-03-07 18:24:07','    minor fix\n',0,1),(118,'a805977f273f100846983d4d05de6c486cffcbdf',4,4,'2013-03-07 18:25:06','    minor fix\n',0,1),(119,'3ac8687dd51e431f3171ea7701d41a22d16490d2',4,4,'2013-03-19 14:14:25','    checking out a couple of scripts from master\n',0,1),(120,'82a5c92312e33054e740b28f6f8481bc953760c7',4,4,'2013-03-20 14:55:59','    fixing bugs\n',0,1),(121,'e9c1a708a0d80f3ec2fd94a6199a13d80a062d12',4,4,'2013-03-20 15:01:54','    adding analysis of groups from gitdm\n',0,1),(122,'df1bdf5a1794423de295e0737448b3ed80f00b8e',4,4,'2013-03-20 21:12:30','    added script to parse info about movements among companies\n',0,1),(123,'867937dbc851eabccf9e86090afc5ab60c231be2',5,5,'2013-03-21 19:18:31','    New script that feeds identities and upeople tables based on a text file\n    with nicknames from ITS and emails\n',0,1),(124,'dc53ba95139695e1e84cb8cd9357c3791b7618f1',1,1,'2013-03-25 14:41:40','    First steps in MLS countries support.\n',0,1),(125,'dcc087b12b5c88393a6c03bebfee01c72da3efb7',1,1,'2013-03-25 16:14:45','    MLS Countries support completed. Time to do the Viz\n',0,1),(126,'8a6da33e7e1b1f3c7a0546a8efb7e5f946dfecd0',1,1,'2013-03-25 17:46:37','    Added countries evolution in time\n',0,1),(127,'455bf391774c3a7f68b82dd6e70b0225c81be5cc',1,1,'2013-03-26 07:02:33','    Fixed top authors prob. Completed countries support.\n',0,1),(128,'a4fbcc4c2b1a40f6e05368a4af123b2a49a1395d',1,1,'2013-03-26 11:10:50','    Countries analysis for MLS only done when -r countries\n',0,1),(129,'27b73c8c27c4487ae27a50c5367db19ef4d06131',4,4,'2013-03-25 11:01:15','    supporting the case of new companies in email-map file\n',0,1),(130,'9dd7cdcee5b262e5b25a36404664bad5a58731e9',4,4,'2013-03-25 13:35:20','    fix null values and improved support of email-map file\n',0,1),(131,'d45272a88d635691705e16b7aa4369a92d608c90',4,4,'2013-03-25 16:08:48','    Creation of people_upeople table for MailingListStats\n',0,1),(132,'3859474844b2885564a3113d5ef89ac3659a7302',4,4,'2013-03-25 16:19:36','    creating people_upeople table for bicho output\n',0,1),(133,'a8316d5586091103856f1405c25915ae32829d5c',1,1,'2013-03-26 11:20:06','    Merge branch \'unique-ids\' of https://github.com/VizGrimoire/VizGrimoireR into unique-ids\n',0,1),(134,'abbd399ee8d79d27e9fa7929d27978999faa942b',1,1,'2013-03-26 13:07:23','    Added launchpad closed condition\n',0,1),(135,'fad200a01b8915bce1e9e79d7e5e67798e24d095',3,3,'2013-03-26 13:25:52','    Fix SQL query for closed issues in launchpad\n',0,1),(136,'751a9019af226f0545aa67a5d78f8b7215c27b61',4,4,'2013-03-26 13:47:09','    Added support for several periods (so far months and weeks)\n',0,1),(137,'547df1c8d3e4a8f4ff08dd12b34212a5f5e79804',4,4,'2013-03-27 00:55:50','    granularity option added\n',0,1),(138,'6997f07f091c5452ab99da0e0f2985abc4ff2c61',4,4,'2013-03-27 12:36:44','    Added support for dates in SCM queries\n',0,1),(139,'52bd06842ad8ec167f94e656094a74c0f898049c',5,5,'2013-03-27 18:47:11','    Added support for intervals of time and granularity to ITS queries\n',0,1),(140,'bc4f3d858365f21de470be4f29a955d0f5294653',5,5,'2013-03-28 13:48:40','    Add support for intervals of time and granularity to MLS queries\n',0,1),(141,'cf0e52090e850f5748990ac85a1664a2dedb62e2',4,4,'2013-03-28 19:21:47','    Added partial support for unique ids+\n',0,1),(142,'5fead4e09dd31a17952f458c7809e9c37acaeb4b',5,5,'2013-03-29 16:26:54','    ITS queries integrated with unique identities\n',0,1),(143,'dcbc94c2b5046ac1be6df5389652c77e74641969',5,5,'2013-03-30 09:10:58','    Temp - companies - ITS\n',0,1),(144,'37e8af872855e35a80db7714dde22fe2a4c717a3',5,5,'2013-04-01 12:05:18','    Temp - com (2)\n',0,1),(145,'cd842f846208d293d23b88a143b2e9b24112a7bc',4,4,'2013-03-31 17:24:12','    added support for dates in mls static info\n',0,1),(146,'75046a28394d8f9b2bfd082f898d5edd04938630',4,4,'2013-03-31 17:26:31','    forgot to add some changes in this file\n',0,1),(147,'106b2e2e201f07e18f1386e3d640df1ba8a3dcbf',4,4,'2013-03-31 17:27:58','    minor changes\n',0,1),(148,'09466b9514b0a5aee81866f95e7319a38d0cda52',4,4,'2013-04-01 13:30:18','    Now supporting unique ids and affilitions in MLS\n',0,1),(149,'47e812fe55f2a2eb0fa020ae754cee72c114a7b2',4,4,'2013-04-01 15:07:57','    File for companies involved in mls\n',0,1),(150,'451eafedee45e7a7fb904c43f586c74a9c987643',3,3,'2013-04-01 18:29:36','    Changed comp-mls-static-info.json to comp-mls-static.json\n',0,1),(151,'ea0e0e3ef76a09d1e108543dc25fe5d8bfbd507d',4,4,'2013-04-02 12:35:38','    renaming posts and posters by sent and senders\n',0,1),(152,'d6c9d7956417289fb76f82b32b17853d67ecc10d',5,5,'2013-04-02 12:33:08','    Merge branch \'unique-ids\' of github.com:VizGrimoire/VizGrimoireR into unique-ids\n',0,1),(153,'2eeb368bf32529871a03c3cc572c342fe23ed873',5,5,'2013-04-02 12:40:05','    Add basic support for ITS time-to-fix quantiles without intervals and periods\n',0,1),(154,'a73d99464a7c68ea9cb7c7d79eb1f0fa9a0ed7fb',5,5,'2013-04-02 12:46:04','    Add evolutionary closed, changes and open for companies\n',0,1),(155,'46231a8f237a5e8502eac28b1217989a04b8c124',3,3,'2013-04-02 15:56:18','    Fix senders filed name\n',0,1),(156,'b320f9699c160661c9391c51537de78ca81490a9',3,3,'2013-04-02 16:03:32','    Change name for senders in top queries\n',0,1),(157,'c3ebd4a5c7e51150b0ca9f050a3cbbbcf935eaf5',3,3,'2013-04-02 16:10:27','    Revert \"Change name for senders in top queries\"\n    \n    This reverts commit b320f9699c160661c9391c51537de78ca81490a9.\n',0,1),(158,'fde7e8a8b079f021d881a0726e0b303db24303e9',3,3,'2013-04-02 16:11:57','    Revert \"Fix senders filed name\"\n    \n    This reverts commit 46231a8f237a5e8502eac28b1217989a04b8c124.\n',0,1),(159,'38127a6b5bbfee0d6528389074b3d0af4b1417d6',5,5,'2013-04-02 13:01:19','    Fix top ITS closers\n',0,1),(160,'a1bb6d240117777ae64521fc419d6bda8a27b826',5,5,'2013-04-02 15:45:35','    Merge branch \'unique-ids\' of github.com:VizGrimoire/VizGrimoireR into unique-ids\n',0,1),(161,'1f17e522266659cb75076b6068257dd9d0faeb7e',5,5,'2013-04-02 15:48:01','    Add closers, changers and openers to ITS queries for companies\n',0,1),(162,'9074fdd611c02f54ca88b09fed414bb3cf29d5b2',5,5,'2013-04-02 17:00:28','    Merge branch \'unique-ids\' of github.com:VizGrimoire/VizGrimoireR into unique-ids\n',0,1),(163,'5aee2e3ab3fa7a8dbeb50eac37b4d6ec335d3f9b',3,3,'2013-04-02 17:15:28','    Merge branch \'unique-ids\' of https://github.com/VizGrimoire/VizGrimoireR into unique-ids\n',0,1),(164,'e64f8ffe06de745b01cc02438f906008800626c8',3,3,'2013-04-02 17:16:23','    Changed name field per senders in MLS top\n',0,1),(165,'4977b337627bf6cbda7fbc6b44b2b5f7690ba296',5,5,'2013-04-03 09:25:46','    Add more files to [company]-its-static-info.json file\n    \n    https://www.bitergia.net/redmine/issues/1396#note-8\n',0,1),(166,'a3bfe3ad080c7353122400ab582159a08a6d5a43',4,4,'2013-04-03 17:07:40','    Added support to remove certain affiliations\n',0,1),(167,'15d794748a97d8dd1c1e694e80d682775f6bbc34',4,4,'2013-04-03 17:08:25','    minor changes\n',0,1),(168,'bbfa3996e643f71d104f0fc6d4a667d27c7ce33b',4,4,'2013-04-03 17:19:38','    added query to obtain only certain companies\n',0,1),(169,'d762421caab3c93c7e3cef4ef92868e868654f72',4,4,'2013-04-03 18:07:58','    support to remove certain affiliations in MLS\n',0,1),(170,'756a1904a7a1ab23979c9c63d86a83a0c4545ad3',4,4,'2013-04-03 18:55:11','    support for certain companies only\n',0,1),(171,'3f5f8dd6f33ff87804be4c23798ad946b32c92aa',3,3,'2013-04-03 18:45:30','    Useful script to update ITS JSON data for Openstack\n',0,1),(172,'bea15c33e63f92cd7133b78187f2a4c36a39b5eb',3,3,'2013-04-03 18:50:28','    Fixed script\n',0,1),(173,'da916ac68c980cf6fa748b20e6a820a7a8dc844f',4,4,'2013-04-03 18:55:22','    Merge branch \'unique-ids\' of https://github.com/VizGrimoire/VizGrimoireR into unique-ids\n',0,1),(174,'bac4ddae2b6f13cce2693aa8d0baa421381bf816',4,4,'2013-04-03 19:01:17','    example of running all R scripts to obtain data about the whole history and each release of openstack\n',0,1),(175,'5a01ea2ad8022f919eb68faf78c57a227b987f23',3,3,'2013-04-03 19:42:51','    Added its type and create dir structure\n',0,1),(176,'e9a9a2f72bbf889ef80c8185793bb0490b63ea62',4,4,'2013-04-03 19:34:34','    added support for removing certain companies in the top closers analysis\n',0,1),(177,'9651236abae72ac1edc0f61ff3fca5d9dd276899',3,3,'2013-04-03 19:43:25','    Merge branch \'unique-ids\' of https://github.com/VizGrimoire/VizGrimoireR into unique-ids\n',0,1),(178,'9d630580942f70d5c173ac816bc0ef833cc10643',4,4,'2013-04-03 19:43:21','    supporting now only specific list of companies\n',0,1),(179,'0e064748349dd339f0fac69cc4fbc5c82af730f8',3,3,'2013-04-03 19:44:10','    Merge branch \'unique-ids\' of https://github.com/VizGrimoire/VizGrimoireR into unique-ids\n',0,1),(180,'4dff12582593ba610d6de53ad805b21be959ffc5',3,3,'2013-04-03 20:31:33','    Uncommented scm-top.json generation\n',0,1),(181,'4f8d2fe0faad9658ed79113daf62989badd7c766',4,4,'2013-04-04 02:16:24','    commented again, and left only authors data in such file\n',0,1),(182,'0e3ac458fe016291318bc704e71ab3b36a7469dd',3,3,'2013-04-04 05:47:53','    Updated dbs for getting data from OpenStack\n',0,1),(183,'311ad02ad0010d4d5510b497f91b689e2f39a0f5',5,5,'2013-04-03 17:10:29','    Add support for days period to general ITS queries\n    \n    Add changes to general evolution queries for ITS to use a specified\n    number of days as queries\n',0,1),(184,'5ec554dfeefefcb9e5debbd7f91c2f51bab72f17',5,5,'2013-04-04 09:07:43','    Add support for days period to all ITS queries\n',0,1),(185,'6b0868ef1116f82c7514b3eb2c0a5f2d4f02870b',5,5,'2013-04-04 10:40:20','    ITS queries with period support completed\n',0,1),(186,'ac4da2478135e464f5dcc4b66c04056abc7d3a24',4,4,'2013-04-04 09:43:40','    updated generic part\n',0,1),(187,'e288ade3bac0996c4547531cb55d18c0fc89a012',4,4,'2013-04-04 09:44:01','    updated generic part of SCM\n',0,1),(188,'34084c5ef46ee81b8f3bb4ff8e25ab7a37dab880',4,4,'2013-04-04 10:19:58','    updated for companies\n',0,1),(189,'31e83a90ab8fd9226fc38a85adfd4cb4129459a9',4,4,'2013-04-04 10:28:38','    updated repositories for scm\n',0,1),(190,'695f2ae324fde6ec69cb03eaa494190e28561462',4,4,'2013-04-04 10:52:32','    updated for mls\n',0,1),(191,'e04ab5a77476de2115677f5e855405097c5fda79',5,5,'2013-04-04 10:41:07','    Merge branch \'newperiod\' of github.com:VizGrimoire/VizGrimoireR into newperiod\n',0,1),(192,'f8f26826af1b7fdbedf63ee89e74722a29b4f7a9',5,5,'2013-04-04 11:21:10','    Add init and end check for upeople companies to ITS queries\n',0,1),(193,'e878cfc3f8bb29889089be414b06a9eae266f336',5,5,'2013-04-04 11:26:01','    Replace character with numeric for ITS queries\n',0,1),(194,'9acfb42fe4c18b5f50314be303749c8ce470b27e',5,5,'2013-04-04 11:47:28','    Add changed to filter certain companies in ITS queries\n',0,1),(195,'02de695529b255eb6852553977fb930425ef40ce',4,4,'2013-04-04 11:19:54','    minor changes\n',0,1),(196,'1172e6b862acf97fe21c0ac68ec61bf137928059',4,4,'2013-04-04 11:20:08','    Merge branch \'newperiod\' of https://github.com/VizGrimoire/VizGrimoireR into newperiod\n',0,1),(197,'9fd11db75d221c9014ea66e2c3cc06546e60528a',3,3,'2013-04-04 11:43:05','    Useful script to extract all JSON\n',0,1),(198,'f4bdf05e9c8b4f6f2605b5fb20b35c528ce7e0cb',4,4,'2013-04-04 11:47:29','    support for certain selection of companies\n',0,1),(199,'9f90243b8e2c98a4a912b973d179ad6678e848c8',5,5,'2013-04-04 11:47:46','    Merge branch \'newperiod\' of github.com:VizGrimoire/VizGrimoireR into newperiod\n',0,1),(200,'176733594ce678d7628c0ffccf8defa0b334da38',5,5,'2013-04-04 12:15:45','    ITS closed condition updated for launchpad\n',0,1),(201,'5ea5d7480f6d4d31747caca083480b0bcb367982',5,5,'2013-04-04 12:50:24','    ITS query and function to be top closers\n',0,1),(202,'4f7d776fe7174ee878319453ba6e5a86bad86b79',4,4,'2013-04-04 12:30:33','    ordering data frames\n',0,1),(203,'6c908023d2cf468c600406a2df79f94e2efc5d2e',4,4,'2013-04-04 12:30:46','    Merge branch \'newperiod\' of https://github.com/VizGrimoire/VizGrimoireR into newperiod\n',0,1),(204,'301c691b562f7ba42c4250745e609e72435bc7d9',4,4,'2013-04-04 12:47:15','    moving top authors to scm-top\n',0,1),(205,'dbd01345af8841a48e4ada6e6157dccfe5b4fb42',5,5,'2013-04-04 12:59:12','    Merge branch \'newperiod\' of github.com:VizGrimoire/VizGrimoireR into newperiod\n',0,1),(206,'873f700d62f8c1bfcb588a5f0d68c7a6eeea4f73',4,4,'2013-04-04 13:29:36','    Fix dates when a developer has moved\n',0,1),(207,'7a85a80d8d923a6282498c32759e1db86c3113dd',5,5,'2013-04-04 13:23:31','    Rename companies with num_companies in ITS evolutionary\n',0,1),(208,'afaf64c745c87e16ea3a9f8348216732b831d0d1',5,5,'2013-04-04 14:14:36','    Date conditions fixed for ITS queries\n',0,1),(209,'3209128bea11838cfb9f72b24d01ab269576b9a4',3,3,'2013-04-04 14:15:56','    Updates in the script\n',0,1),(210,'f6bf100ddb077026c95004421413f9936d33b515',5,5,'2013-04-04 14:14:45','    Merge branch \'newperiod\' of github.com:VizGrimoire/VizGrimoireR into newperiod\n',0,1),(211,'740ac90825758f7e8dcea35005a0d8c409bcaba4',4,4,'2013-04-04 14:40:35','    consistent use of the dates comparison\n',0,1),(212,'e6efc6c40a814192206eab36d5a45955e4bbdf73',5,5,'2013-04-04 14:21:14','    Date conditions fixed for MLS queries\n',0,1),(213,'8f9282195299786175d744f06e88f23669e1b4a1',4,4,'2013-04-04 14:40:40','    Merge branch \'newperiod\' of https://github.com/VizGrimoire/VizGrimoireR into newperiod\n',0,1),(214,'f8e843e4ccfea409a133eea0386e94a2d4297b25',4,4,'2013-04-04 16:15:31','    added nperiod instead of period\n',0,1),(215,'32e2c3eb5912c7b3a001e1b0c67a8bff103cd783',5,5,'2013-04-04 16:30:31','    MLS queries fixed\n',0,1),(216,'063ee6a1e2c4fe74c89899127f65ee3ff3a7216a',5,5,'2013-04-04 16:54:44','    Fix bug with MLS queries\n',0,1),(217,'5d38dc82715bf5405f3532da2245be4bfdee9417',4,4,'2013-04-05 14:40:16','    fixed error when selecting top senders from companies\n',0,1),(218,'52803d9a74b0cb930a6a8092a560dbeab8bfad20',4,4,'2013-04-05 15:02:21','    fixed companies not participating in a period\n',0,1),(219,'09d63e4659be76bda43327dfedd6c61bad17d81b',4,4,'2013-04-05 20:44:54','    Fixed issue about more identities than expected, thanks to the OpenStack community\n',0,1),(220,'0cdcefbcde851fa806632c20cb7e7820b6665eb3',4,4,'2013-04-05 20:46:51','    added the merge of new committers dataset\n',0,1),(221,'5f14f3373c9d1949fce0db4ae98a59fb06239164',1,1,'2013-04-06 09:37:33','    Improved file names\n',0,1),(222,'742cf4d260b1b23d0aea0f0f13900e53e6a1ea83',1,1,'2013-04-06 09:43:24','    Use \"its\" and not \"bts\". Changed name.\n',0,1),(223,'223b68018281af434ecd40673a04ef22f54e97f5',1,1,'2013-04-06 10:10:32','    Added OptParse\n',0,1),(224,'b4658893a2e33f453925a7cfc0ee0995f10c5df7',1,1,'2013-04-06 11:49:12','    Added OptParse to domains_analysis.py\n',0,1),(225,'787a60dcff711a59e07c1723ec1c65945d3820e5',1,1,'2013-04-06 13:02:51','    Added OptParse\n',0,1),(226,'8dc33c8c95c0a1796355c01aac24fb67a45788b6',1,1,'2013-04-06 13:09:44','    Modified script to be used with Allura databases\n',0,1),(227,'1941734cdc12112d579bd19dd5f2968a077f8775',1,1,'2013-04-06 13:21:03','    Commented out time to fix quantiles until we fix SQL\n',0,1),(228,'bed83ca1a7148ec00208f989e55d98a932b393e2',1,1,'2013-04-07 01:34:37','    Fix error in scm-analysis.R when data frames empty\n',0,1),(229,'0988c73fd12560770ea3fd44556b2f68b9a38bd9',1,1,'2013-04-08 06:54:28','    Fix prob with different dates for start/end and merge.\n',0,1),(230,'655da754edfa8e75d0724a73bf69cb4a4502d3ba',1,1,'2013-04-08 19:49:05','    Use the period in completeZeroPeriod not a fixed 7! :)\n',0,1),(231,'04a441085e8563aaedc42cd536467a33f8317b35',3,3,'2013-04-08 13:17:15','    Revert \"Modified script to be used with Allura databases\"\n    \n    This reverts commit 8dc33c8c95c0a1796355c01aac24fb67a45788b6.\n    \n    Conflicts:\n    	examples/vizGrimoireJS/run_scripts.sh\n',0,1),(232,'beb05c885856c3891aa7bccbb12a0bc91c156300',1,1,'2013-04-08 19:49:51','    Merge branch \'newperiod\' of https://github.com/VizGrimoire/VizGrimoireR into newperiod\n',0,1),(233,'e4b53c89d191036de4121b868705e07eda64bc26',1,1,'2013-04-09 02:22:15','    Improved logic so it works with Allura ITS\n',0,1),(234,'43a8a28c380fcfdef732dcb8757d704d1e8c2a01',1,1,'2013-04-09 09:04:42','    Support completed for Top in SCM, ITS and MLS\n',0,1),(235,'a7f7b22539a6350f310511b69f75fbb7dc03e8d0',1,1,'2013-04-09 13:16:09','    Fix error in the script\n',0,1),(236,'208695eb6a3d16c387888a281143013d28e57622',1,1,'2013-04-09 13:18:51','    Added filter when email is None\n',0,1),(237,'4f6d6e0f1b552e1bfd440ff81dabef361b56c6ab',1,1,'2013-04-09 15:16:45','    Script for creating the countries tables from a CSV file with email, country info\n',0,1),(238,'604ac70c5912d0b1d1c2e5d79fdd68ace8c1f4a5',1,1,'2013-04-09 17:56:26','    MLS.R working for countries. Improved mls-analysis.R script.\n',0,1),(239,'7ef147af612d9efa57b4cb53478cae1e3f95cf64',1,1,'2013-04-09 18:17:38','    Completed evolutionary data with weeks and date fields\n',0,1),(240,'57645a27fbe906a9ccfcb782eab644187ace0415',1,1,'2013-04-09 20:30:28','    SCM support for countries (commits and authors) working!\n',0,1),(241,'3815de599b564fe07ef54ea45d1f9833eb1e59a7',1,1,'2013-04-10 01:28:42','    Completed support for countries analysis in ITS\n',0,1),(242,'b06ff4b5fa8b3a86b956dea06cf7e4cf4df44469',6,6,'2013-04-09 22:27:51','    identation of the code and removing old queries\n',0,1),(243,'982db4b8f9701daeecf4ff8a777d7e8dee94f91c',1,1,'2013-04-10 01:29:06','    Merge branch \'newperiod\' of https://github.com/VizGrimoire/VizGrimoireR into newperiod\n',0,1),(244,'60cb4b25644ea552f06a502e144a5aeb153e60c0',3,3,'2013-04-10 09:12:53','    Commented mls-people only needed in identities tool\n',0,1),(245,'381aba1cb3c9bfdb9fbf3c517ca09578817c122a',3,3,'2013-04-10 09:27:08','    Support \' in emails in countries_analysis.py. Fix dates in grizzly script.\n',0,1),(246,'9cbbe058dd5011de9bdd7f172252f6880505fbfd',3,3,'2013-04-10 09:28:03','    This script is specific for OpenStack\n',0,1),(247,'b539179a9c765a4ef1d3b75ac5336106cc6041f5',1,1,'2013-04-10 10:24:19','    Cleaned tabs in SQL query\n',0,1),(248,'5ce2f259fafe85e9051a4a90cf34fc4a64f1c70f',1,1,'2013-04-10 10:24:49','    Merge branch \'newperiod\' of https://github.com/VizGrimoire/VizGrimoireR into newperiod\n',0,1),(249,'c865e3b1e77cf0f97e3cabd90ea37929d5bc471b',3,3,'2013-04-10 10:38:54','    Merge branch \'newperiod\' of https://github.com/VizGrimoire/VizGrimoireR into newperiod\n',0,1),(250,'e478a8935c067c9dc6d2d397868fedbc8c9cc18e',1,1,'2013-04-10 11:16:48','    Removed debugging printing of query\n',0,1),(251,'5272ab625934599675c704bf2fe133f999432e5f',1,1,'2013-04-10 13:19:24','    Added indexes to countries tables. Limit the number of companies to be analyzed.\n',0,1),(252,'27645c6e3ad6fc8596cef5ec002c863c21b5f9ee',3,3,'2013-04-10 13:33:18','    Merge branch \'newperiod\' of https://github.com/VizGrimoire/VizGrimoireR into newperiod\n',0,1),(253,'460423ebd962b8553be62ff666b9a195fcb3e048',3,3,'2013-04-10 15:55:41','    Script to analyze Liferay project\n',0,1),(254,'b287c588310f5b7bf38121584b63b1e77f2e29e8',3,3,'2013-04-13 07:36:18','    Code to limit the number of companies analyzed but commented out\n',0,1),(255,'eacac20ad2031ddebde6e08b70337c9366443970',6,6,'2013-04-10 19:01:17','    added latest activity\n',0,1),(256,'c31fb1cd6c126cc08c33f8a1527463b36d3bb9e7',6,6,'2013-04-10 19:25:23','    added latest activity queries\n',0,1),(257,'c060225f2bfff083cb67275cd3cfb23c1726d9bf',6,6,'2013-04-10 19:47:00','    added last activity\n',0,1),(258,'30b95baf995aca1fef6c2367fd7bafc77b824138',6,6,'2013-04-11 18:10:20','    fixed bug that added 0\'s to the end of each dataframe\n',0,1),(259,'8be423d19ebbe65433035656ac72cd4c7db583de',6,6,'2013-04-12 13:20:40','    minor changes\n',0,1),(260,'758c6940c8cb1a7a40244f8247fe26e4c562c3c0',3,3,'2013-04-13 07:36:43','    Merge branch \'newperiod\' of https://github.com/VizGrimoire/VizGrimoireR into newperiod\n',0,1),(261,'aee22dfbf1dee62626c0a01f5c934dd25ede87e4',3,3,'2013-04-13 20:35:53','    First steps for evol in gerrit\n',0,1),(262,'90eb976e7113f39db356a76334ee9c792e49d353',3,3,'2013-04-15 19:56:11','    Improved scripts from Liferay experience\n',0,1),(263,'2032fd8468dde206d254fec23ec6948115c4bc48',3,3,'2013-04-15 20:43:37','    Improved progress report\n',0,1),(264,'71037c5ba1c4145a06748fece6b3c8ecb8f0ec60',3,3,'2013-04-17 20:42:49','    Limit companies to 30\n',0,1),(265,'1891e1d6729b7572227392794ba1f54931779cb1',1,1,'2013-04-17 14:09:41','    Modified all code to share the same period completing function.\n    Checked in deep with Allura\n',0,1),(266,'5fc16069a9a8ac6f88e646885d030655ce555c0a',5,5,'2013-04-16 18:54:51','    Function to generate SCM commits/authors per company & country\n',0,1),(267,'b7e204639b6bd6aa9f535fbea939520ad6a1c585',5,5,'2013-04-16 20:24:02','    Script to import account from CSV to people table\n',0,1),(268,'708bcf6a0ea1027d1a96424ebafa172f9f09a52c',5,5,'2013-04-17 12:57:10','    Demography basic generation for SCM\n',0,1),(269,'cad36fbd4796edff3d9d37fec35d82b53335b043',1,1,'2013-04-17 14:16:07','    Merge branch \'newperiod\' of https://github.com/VizGrimoire/VizGrimoireR into newperiod\n    \n    Conflicts:\n    	examples/vizGrimoireJS/scm-analysis.R\n',0,1),(270,'03e044a9e0b12b56f21bd76f46a967b8fda17d07',1,1,'2013-04-17 18:01:45','    vizGrimoireJS is not an example. It is our production code for reports.\n',0,1),(271,'96ab6b2a4c29a1b9ce5c81572600c13007167a92',5,5,'2013-04-17 16:50:35','    Add support for SCM, MLS with a new parameter to Demographics\n',0,1),(272,'403f2b1f34ec6adb4ff25c864ce47aedae2ca077',5,5,'2013-04-17 16:51:15','    Add Demography support to SCM and MLS R scripts\n',0,1),(273,'0667a99b2780d68f606b9bfef3dbb94d9dd792f4',5,5,'2013-04-17 17:11:29','    Add support to evol_lines to SCM\n',0,1),(274,'2597df3bd978da242310faf6615c1fd1adfaa504',5,5,'2013-04-17 17:11:46','    Include execution to evol_lines in SCM R script\n',0,1),(275,'e2b4a66937b1789a601ef39616d75c276680a131',5,5,'2013-04-17 17:42:05','    Fix how the age is calculated for Demography\n',0,1),(276,'548a52b692e61cac62cd9523ae992e0156e66b64',5,5,'2013-04-17 17:47:18','    Uncomment ITS quantile generation\n',0,1),(277,'9ac32bdaaa79ba4a98e8dd2d80b9b91e37dc4d78',1,1,'2013-04-17 18:02:27','    Merge branch \'newperiod\' of https://github.com/VizGrimoire/VizGrimoireR into newperiod\n',0,1),(278,'5219187d1baa72eaf7ff9b2ec6b84c025543db0e',5,5,'2013-04-17 18:32:17','    Fix error with char date to get age\n',0,1),(279,'112e7d3609721f8c98b4073f8ed5f1906b870178',5,5,'2013-04-17 18:53:20','    Fix syntax error in scm-analysis.R\n',0,1),(280,'a3a3d9d8adb8cb18f159673df46a65d91637df59',3,3,'2013-04-17 20:44:47','    Merge branch \'newperiod\' of https://github.com/VizGrimoire/VizGrimoireR into newperiod\n',0,1),(281,'d5315ce8012a341c009e33580860528d319920a9',3,3,'2013-04-18 11:11:41','    Updated file\n',0,1),(282,'2d3abe4c725db1f0d059ca0a119ea7b1088b034b',1,1,'2013-04-18 10:33:21','    Implemented getPeriod2 with weeks, months and years grouping in R.\n',0,1),(283,'0fef5786e80ebd333812a94c6bc13543987061f9',1,1,'2013-04-18 10:35:26','    Not ready yet for production\n',0,1),(284,'b173a4ef6641586c3251d4fc38e227a8541e6305',1,1,'2013-04-18 10:35:46','    Merge branch \'newperiod\' of https://github.com/VizGrimoire/VizGrimoireR into newperiod\n',0,1),(285,'4f28469536d27131fa7b2c3a3f2caf0c20c4ac25',3,3,'2013-04-18 11:11:51','    Merge branch \'newperiod\' of https://github.com/VizGrimoire/VizGrimoireR into newperiod\n',0,1),(286,'a2ac6cae1ad1d995949c60d18f140c805ec73e8b',3,3,'2013-04-18 11:13:52','    Correct name for this file.\n',0,1),(287,'749050d620ea8981f562e5570deecb00172480fc',1,1,'2013-04-19 09:51:08','    Removed testing old code that has confused Dani. Sorry!\n',0,1),(288,'5408034a997d91969f7112e8c4d9f8dfeedc3a51',1,1,'2013-04-19 13:28:45','    Added new function to normalize several metrics in a data frame\n',0,1),(289,'a5f8c9212190ab7766245f9591f1ed9ecfcba161',1,1,'2013-04-19 14:38:29','    Working R grouping but pending data checking and dates\n',0,1),(290,'0614f1114a3e0bb9d021bd1d39ebbae979cf22e4',1,1,'2013-04-20 08:34:31','    Run all scripts now\n',0,1),(291,'4f5eafa9d000c88894ce70b59cc3a24274f8dd1c',1,1,'2013-04-19 20:20:44','    Removed wrong days period\n',0,1),(292,'10fd1e1a10bc888fc03dc570321427ada5446363',1,1,'2013-04-19 20:51:03','    Cleaned print not needed\n',0,1),(293,'513e2c3db7eaf3670596feb584f7e3248747c255',1,1,'2013-04-20 09:09:49','    Cleanup of MLS R code\n',0,1),(294,'ac5c7f0df16d9e96d1cc8e5ca8da5227c1156e7b',1,1,'2013-04-20 09:43:35','    Merge branch \'newperiod\' into newperiodR\n    \n    Conflicts:\n    	vizGrimoireJS/mls-analysis.R\n    	vizGrimoireJS/scm-analysis.R\n    	vizgrimoire/R/MLS.R\n',0,1),(295,'7cef2066f2a59f2fa7e6a8c7b539c6fea78606d3',1,1,'2013-04-20 12:15:12','    Working dates and ids\n',0,1),(296,'49329a6b6e5efa472b8631bcd8811252a3d4b7a4',1,1,'2013-04-22 07:57:45','    Fix prob generating MLS evolutionary metrics\n',0,1),(297,'7723bdc925a91282089fd13b5aa91ae597af286f',1,1,'2013-04-22 10:58:57','    Minor updates for demographics info\n',0,1),(298,'2273e1f7279c7ba4179a77584e3b632f6caa22cc',4,4,'2013-03-06 18:09:15','    Updating unifypeople.py script to fit with the new database schema\n',0,1),(299,'2e16c8ce883a89877e249b6f39678f2e9528f87e',4,4,'2013-03-07 12:23:50','    minor updates, clarifying fields\n',0,1),(300,'3c5266be2014e937e38346585aa3aa745ad4bb91',4,4,'2013-03-07 12:24:01','    Database schema improved\n',0,1),(301,'f3ffc6fdbe2cf2f1394dcde9bdc08fe8212df6fe',4,4,'2013-03-07 13:00:37','    Added the creation of identities table based on previous created tables\n',0,1),(302,'f3f683e6759d7ccc2d201ef765e30c7e011f5b68',4,4,'2013-03-07 13:11:42','    automatic domain analysis based on information provided by identities table\n',0,1),(303,'19ad0fd19bcaa00b76f352f300539825f5b18c65',4,4,'2013-03-07 14:50:41','    adding identifier field to upeople table to have a \'cannonical\' name to refer a dev\n',0,1),(304,'0a673dbbb43afd22f2cb6ca05389f829341b2b2d',4,4,'2013-03-07 14:58:35','    minor fixes\n',0,1),(305,'e6424b2e3141168a47c618637d56dddeb4d9fcc0',4,4,'2013-03-12 23:38:50','    added support for launchpad its\n',0,1),(306,'3395f9338d975502d00c2cb7bd3e428eaf399ee8',4,4,'2013-03-14 16:58:08','    Addition of \'root\' as special case for unknown identities\'\n',0,1),(307,'9efde1e269dcfa0c16d4403d664d8255a5cbcb9b',4,4,'2013-03-14 17:28:34','    Addition of extra condition to check empty emails\n',0,1),(308,'61fbb1fb77d888aa61e2c807d61da0f6ff14f80b',4,4,'2013-03-15 17:07:35','    Adding parser of domain-employer to facilitate match between people and affiliations\n',0,1),(309,'61b00a4a684736feb3f7e3823245af71670cf777',2,2,'2013-03-29 02:11:30','    First version, does almost nothing (but explains what is intended to do).\n',0,1),(310,'3a1b0c296f41819ad6635edd69b42bd3b74fb136',2,2,'2013-03-29 02:44:22','    Now shows duplicate entries (persons with more than one company)\n',0,1),(311,'450ef21c700b8b4fd2da73fb2bbf6d567d909f75',2,2,'2013-03-29 13:12:40','    Starting with some management of arguments.\n',0,1),(312,'28cce84287725e2e04e51d255287da0c4ce953cd',2,2,'2013-03-29 13:22:21','    Now all parameters, including database names, via command line args\n',0,1),(313,'2112acc6d7cdde2c32c6fd12181cffd703d99a35',2,2,'2013-03-29 17:04:45','    Now option to check for overlapping entries. Seems to work.\n',0,1),(314,'7a7682407cb713a959783c79682bb1c7730e00b3',2,2,'2013-03-29 17:40:28','    Get unaffiliated ids in upeople (those who are not in upeople_companies).\n',0,1),(315,'3de5d74c1d6fe266e9aaed956309a45da2dcb8c4',2,2,'2013-03-29 17:56:39','    Fix banner in overlapped output.\n',0,1),(316,'635f977748829cca4c4f0a5fb413ae90d4ce76c4',2,2,'2013-03-29 20:08:06','    New option to check for exact matches: entries in upeople_companies with exactly the same company and dates.\n',0,1),(317,'801c5fc736550451520aec2c726de3e7c0c032c6',2,2,'2013-03-29 20:27:39','    Added code for deleting exact rows.\n',0,1),(318,'3204d6f070752db327dd5d79cc9b0ea1352dcb6e',2,2,'2013-03-29 20:32:46','    Minoor changes in the messages associated to the command line args.\n',0,1),(319,'9b92719242acb9bd85fb8b0edd8eb0e002f4475a',2,2,'2013-03-30 02:09:14','    Some more minor changes\n',0,1),(320,'d644aecd7899c4a31b78a54df5216fd3c427b815',2,2,'2013-04-01 02:54:02','    Now supports some functionality for showing information about a upeople id.\n',0,1),(321,'592ea8fe33288ddf8b3968e96e2098d1c37ae56c',2,2,'2013-04-02 13:02:34','    Now looks for wrong identities (those which do not correspond to upeople entries)\n    and looks for entries in identities similar to some string.\n',0,1),(322,'e8267528f43d0b3b8307d2d369ab18afb6d28f6a',2,2,'2013-04-02 13:51:42','    Minor issues fixed.\n',0,1),(323,'ff36465e8ae2ee4ee421f6d3176d2cdcb4cfdca8',2,2,'2013-04-03 12:48:34','    Merge branch \'unique-ids\'\n    \n    Conflicts:\n    	examples/vizGrimoireJS/its-analysis.R\n    	misc/domain_employer.py\n    	misc/domains_analysis.py\n    	misc/unifypeople.py\n    \n    Conflicts were minor uses, mainly related to the database used.\n    For now, I got just one of the versions: in the future we should\n    find a way of not having the database in the scripts...\n',0,1),(324,'79bb95c7704411d56d39eed9bbc99feda4d5069e',2,2,'2013-04-13 18:40:10','    Added some info about dependencies.\n',0,1),(325,'a29e8d4d5ab38add4f85f27fcba7a8890c3afd4b',2,2,'2013-05-18 16:30:58','    Fixes: #1\n    Remove merge marks.\n',0,1),(326,'b2ca4b910f47738cf0784a4fa0d880a504ed5069',2,2,'2013-05-18 18:06:36','    New script to install MetricsGrimoire tools out of their git repos.\n',0,1),(327,'a8ce9bc55380e43a41c22c351e9f9d761a9f16ad',2,2,'2013-05-19 09:29:11','    Seems to work now...\n',0,1),(328,'346d8873e29a44b73e6b2e9fd91ba101992be259',2,2,'2013-05-19 16:48:54','    Srcipt to analyze a github project with MetricsGrimoire.\n    It sort of works with cvsanaly2 already.\n',0,1),(329,'b259e09e6c3d7607c7908b60a3f8c21ed84151a4',2,2,'2013-05-19 17:56:55','    Now, added bicho, and a bit of cleanup. But bicho still not working...\n',0,1),(330,'971fcf87cbc7d62639f39878166919879d64c4b6',2,2,'2013-05-20 14:21:08','    Now it seems to work pretty well,finally (but only with lowercased\n    database name: big in Bicho?)\n',0,1),(331,'85f6e0b5bb36f1baff3900195e29e62275fb04f5',1,1,'2013-04-22 17:37:26','    Started returing period to SQL and creating a metaSQL for periods.\n    Removed unused SQL queries.\n',0,1),(332,'fa3683070ad72839762cc2d51c400ad6c2de65b7',5,5,'2013-04-22 17:20:47','    Fix error calculating Aging for SCM and MLS\n',0,1),(333,'eee53915ddb2f84a63210d7339a5a47527c61314',3,3,'2013-04-23 09:44:08','    More robust if name is None\n',0,1),(334,'c579db3e34625520b453ac8793792cbe672268ec',3,3,'2013-04-23 09:47:35','    Improved script\n',0,1),(335,'f8a46320faf120d639c4d912fa5ba292496489d4',5,5,'2013-04-23 09:20:22','    Update comment about databases in Liferay script\n',0,1),(336,'345b079dd86843e46599184c8d32906b14813a74',3,3,'2013-04-23 09:49:18','    Merge branch \'newperiod\' of https://github.com/VizGrimoire/VizGrimoireR into newperiod\n    \n    Conflicts:\n    	vizGrimoireJS/run_scripts-liferay.sh\n',0,1),(337,'ded656c4ebeab6dc5271c4abcfff23ccab6d3a87',5,5,'2013-04-25 11:55:26','    Add support for Aging demographics for ITS\n',0,1),(338,'1f3d6809809484f616b19df9133c161a349f2e5d',5,5,'2013-04-25 12:06:32','    Fix error in JSON file name\n',0,1),(339,'874d5ff76e665f35e8118f2617e394dafeefc811',5,5,'2013-04-25 17:44:04','    Add queries to have total number of countries\n',0,1),(340,'6b7f4ce2cc0b48ff1cac905dfd5af44a1e1eb526',1,1,'2013-04-26 05:38:42','    Merge branch \'newperiod\' into newperiodSQL\n    \n    Conflicts:\n    	vizGrimoireJS/mls-analysis.R\n    	vizGrimoireJS/scm-analysis.R\n',0,1),(341,'63387e17a4f0920d25806d3404d7792572a53987',1,1,'2013-04-26 06:36:37','    Ready to start working in R for normalizing time series\n',0,1),(342,'4cc46991b7d9f8439cd9bc041db132799fad5e45',1,1,'2013-04-26 14:10:19','    New version to play with completePeriod\n',0,1),(343,'67c8982ca962632d6bbafabfe26d55e4a9f31690',1,1,'2013-04-26 19:22:19','    Only select DATE from MySQL. Improve vector management in R.\n',0,1),(344,'407ca2654ec94b0b5e0807a2014ce0f29d97ec1b',1,1,'2013-04-29 10:01:39','    Implemented DST (Daily Saving Time)!\n',0,1),(345,'090a4b5562c190eb00e7b2892b899d2010642a08',1,1,'2013-04-29 13:06:56','    Use different functions to fill days or weeks time series\n',0,1),(346,'b12767224bc42e464e90a070226c399775942364',1,1,'2013-04-29 14:08:30','    So close to have yyyy-ww in MySQL and R using the same standard.\n',0,1),(347,'afd55e087bad678f67c95582e547fe53ee2db3d0',1,1,'2013-04-29 17:13:35','    Time series for weeks build ok from R. Time to merge with SQL one\n',0,1),(348,'160c8862f50820c6ef0189544b45a892706ea50a',1,1,'2013-04-29 17:28:37','    Finishing SQL week grouping\n',0,1),(349,'f9e843c09eb3322068b4301441f5ce04af89ad80',1,1,'2013-04-29 17:44:31','    Copleted weeks support!\n',0,1),(350,'68b90166bb44425f9ed5d1b334a86fa4303fddb6',1,1,'2013-04-29 20:48:00','    Complete months time series completion in R\n',0,1),(351,'1a910a8d2c7ebdc4c9520961eaa4c4f2e6439377',1,1,'2013-04-29 21:12:27','    Completed year support also in R time series. All support completed!\n',0,1),(352,'35c6c4f5a17f2176c1008b646fab043524c22092',1,1,'2013-04-30 05:57:35','    Migrated all global evol queries to new metaquery schema with SQL group.\n    The code is a lot shorter and more understable and maintainable\n',0,1),(353,'31fa881899712fdd143aa398a1f6bf1413e9ec26',1,1,'2013-04-30 06:20:16','    Added companies support also for MLS evol global\n',0,1),(354,'87f9be240d4d579d57c424dfad2c3f452bee66b4',1,1,'2013-04-30 11:40:59','    Full queries reworked for evo and static SCM. Much cleaner!!!\n',0,1),(355,'f12d7b3e58d40fd22ffc4822c49131ef0fef488a',1,1,'2013-04-30 13:45:50','    Fix some issues with time zones\n',0,1),(356,'e46e6cb8b343c3eb1ac704f0c779842b3f55845f',1,1,'2013-04-30 16:09:23','    DST working in all cases (I hope so!)\n',0,1),(357,'abef2bcd4b2a98a0be2a5cbeed73cf51defd4c79',1,1,'2013-04-30 16:29:26','    Working SQL queries for repositories analysis\n',0,1),(358,'212df6dbbfa5eb89de5fb85ca9718336b498d599',1,1,'2013-04-30 19:03:31','    Copleted queries for countries. Just pending companies.\n',0,1),(359,'d18a248a3f59e48f2e551f69083f00047b73c0d9',1,1,'2013-04-30 20:07:36','    MLS Companies names also converted to common queries\n',0,1),(360,'61fe8c638383880235a4bcee7d5efa42a0a57b9f',1,1,'2013-04-30 20:25:13','    Copleted top per companies to metaqueries. All work for this iteration done.\n',0,1),(361,'21ee6f680a06412781fe4e2cba694508573cb376',1,1,'2013-05-01 08:06:35','    Completed all metaqueries and refactoring work.\n    Now we have tops also for countries and repos.\n    And the repos code is much cleaner.\n',0,1),(362,'00393494e4c3438a6da62ffcc32109fb57984740',1,1,'2013-05-01 10:02:47','    Fix typo\n',0,1),(363,'c871af0e23105088410e848706a65d85b4d0c0e3',1,1,'2013-05-02 13:04:51','    Fix prob with dst logic. Good JSON format. Missing adjusments between MySQL unixtime and R series unixtimes\n',0,1),(364,'e7d2577203f3098738b25019187c27f223ef3b90',1,1,'2013-05-02 22:24:00','    Fix logic with DST. MySQL unixtime and R computed unixtime now are aligned 100%\n',0,1),(365,'41b298504c69a835067f163a53c8a1a33ced36bf',1,1,'2013-05-03 08:07:18','    Work finished. Data quality and viz completed.\n',0,1),(366,'65142f081d22667928eec37592373cfe7c3d5a59',6,6,'2013-04-30 11:39:25','    First steps to simplify the source code (refactoring effort)\n',0,1),(367,'bd229cb82b1b7c19511229f6d46ce7bd1b7235db',5,5,'2013-04-30 12:07:09','    Add destination variable to R analysis scripts\n',0,1),(368,'271e90672e85ab1c8d215b5e99af27e2afbf0963',6,6,'2013-04-30 15:17:37','    Adding more parametrized functions\n',0,1),(369,'fb955cbd43c6c6d41cb866111c50c48e085a8ce5',6,6,'2013-04-30 15:23:59','    adding warnings to specify deprecated functions\n',0,1),(370,'26a315246351f2369a584994977e7069de7e649f',6,6,'2013-04-30 17:48:32','    So far tested with the basic approach (neither repositories nor companies nor countries)\n',0,1),(371,'64fd73afce56eb2651552abf4979961167c11d14',5,5,'2013-04-30 16:01:56','    Change path of the output JSON files\n',0,1),(372,'f3d133ac6fc25c5b8e0dad2505a5cb84fba1fc22',5,5,'2013-04-30 16:09:14','    Change path of the output JSON files\n',0,1),(373,'a5cec14486b28009c43eed5ce60e709f404e2658',5,5,'2013-04-30 16:30:44','    Rename rest of path to JSON files\n',0,1),(374,'bb5f9acf371539c4372fbb04bd2e8074bc5b49bc',6,6,'2013-04-30 17:48:46','    Merge branch \'newperiod\' of https://github.com/VizGrimoire/VizGrimoireR into newperiod\n',0,1),(375,'e29ab16146513eb43ab2aa0f3109713b5d2c1312',6,6,'2013-04-30 18:19:09','    removing tabs\n',0,1),(376,'50357116c61c70b35e181c19ad419f6945276382',1,1,'2013-05-03 08:35:01','    Merge branch \'newperiod\' into newperiodSQL\n    \n    Conflicts:\n    	vizGrimoireJS/mls-analysis.R\n',0,1),(377,'f42b23e411f4e0e056a69d98f665a330a50a4766',1,1,'2013-05-03 08:47:23','    Last refactoring of code for MLS\n',0,1),(378,'f1d637b56d93e897bfaf77341db9c7988d284d69',1,1,'2013-05-04 09:59:30','    Converted ITS global evol to new schema with SQL+R periods and metaqueries\n',0,1),(379,'f09baee8160894be8f59a4cf4853f3af209ffb3f',1,1,'2013-05-05 10:27:15','    First conversions of Companies and Countries ITS SQL\n',0,1),(380,'b74244cf1f016728a87b9c5dd82474778d300e0e',1,1,'2013-05-06 10:20:41','    Converted ITS static info to new schema\n',0,1),(381,'2b8b5f0c3e3eb0dc4ab815fd24947142664e0028',1,1,'2013-05-06 14:24:52','    Completed repos analysis conversion\n',0,1),(382,'6181a130340e7ed6d7b8a4a9a01dc6271d2c2237',1,1,'2013-05-06 15:29:07','    Companies conversion started!\n',0,1),(383,'514cfa74ec92ecc7475618fa9bc6d14d39d0e246',1,1,'2013-05-06 18:56:28','    Completed companies refactoring. Time to convert countries in ITS!\n',0,1),(384,'900f36ecbbdbdfa74bcf8e45965589fbfc5d7215',1,1,'2013-05-06 19:28:27','    Completed countries refactoring\n',0,1),(385,'63a6b390566553454e59602f036d808670a536bd',6,6,'2013-05-06 12:32:36','    updated library to work with repositories\n',0,1),(386,'3823070a0064ee8a53fa0c35e408f50095932f40',6,6,'2013-05-06 13:12:00','    minor updates in SCM.R and version of scripts using new set of functions\n',0,1),(387,'0073e126cdb78ed1ef1a56e14a4f5c943e63e27b',1,1,'2013-05-06 19:30:42','    Merge branch \'newperiod\' into newperiodSQL\n',0,1),(388,'a8c07fbdab93e8bbbe6ff31fa6bc6a586635a793',1,1,'2013-05-07 09:30:47','    Example on howto convert SCM to use the new period code completed\n',0,1),(389,'7f387b441545f7c57abae6e36556c7b4df627705',1,1,'2013-05-07 15:17:19','    All SCM converted. Pending just testing!\n',0,1),(390,'e513ba8b35e0b936bec06828a8e9b711b1398fa6',1,1,'2013-05-07 17:32:45','    Last changes. Data viz is OK! Great :) Pending just minor changes ...\n',0,1),(391,'734944c86aca4f3995209cf3852ce34db626b6b2',1,1,'2013-05-07 18:30:19','    Solved prob with JSON format in SCM\n',0,1),(392,'d9d93061879ff534cebe72bf6c0190e7d05833f3',1,1,'2013-05-07 18:58:21','    Fix last issues with viz. Ready to merge with newperiod\n',0,1),(393,'616e0cff0a335bc4d58af5fc2bb7528a568fdcf2',5,5,'2013-05-07 23:47:26','    Add support to Birth analysis to MLS\n',0,1),(394,'e8b343d1e6a69a7cbb1d93a900350b0aaff02695',6,6,'2013-05-08 10:56:28','    incremental support when unifying identities\n',0,1),(395,'728a6aab085ae5bf5c781e5dc619ea88ee5b875e',6,6,'2013-05-08 17:15:42','    Fixed error, now filtering by affiliation and not name of sender\n',0,1),(396,'d495f8d893cd446b6ce1d75c497348ef8ac6e99e',5,5,'2013-05-08 12:31:25','    Add support to Birth analysis to ITS and SCM\n',0,1),(397,'5bf1dc5d2efb4d5452e3a3ee326a162d87b53628',6,6,'2013-05-08 17:15:54','    Merge branch \'newperiod\' of https://github.com/VizGrimoire/VizGrimoireR into newperiod\n',0,1),(398,'b28decc924098344985fc8651a61a016d6ebd9aa',6,6,'2013-05-08 18:06:42','    added feature of filtering by affiliation in the top authors\n',0,1),(399,'d6847e78290e4701edb83b38244dc6cc1042367e',6,6,'2013-05-08 23:07:09','    fixed regression when calculating top authors (it is possible now to obtain that per periods of days)\n',0,1),(400,'34b7f3e3c98e6790fca2a695a8e553e7ee45bb83',6,6,'2013-05-09 16:28:00','    meta-functions added\n',0,1),(401,'b6cc912f65a71f5e594c8dfe052e546f02379b98',6,6,'2013-05-10 17:58:27','    minor changes\n',0,1),(402,'4a613601bc0390864654cdb71009525439970edc',5,5,'2013-05-09 21:58:49','    Add support to time to atenttion quantiles with MLS\n',0,1),(403,'d7d474774485e4550cc431c2360050b96ce55e8e',6,6,'2013-05-10 17:58:39','    Merge branch \'newperiod\' of https://github.com/VizGrimoire/VizGrimoireR into newperiod\n',0,1),(404,'cb5fe347788b64d7b4d564e13708765ae06508d3',6,6,'2013-05-10 18:01:51','    minor changes\n',0,1),(405,'c2860b2a493b5d946cd39c0fb6c2bc14c2208e8b',6,6,'2013-05-10 18:05:25','    updating scm-analysis\n',0,1),(406,'efd0678c87a0976b60017db8fbfcb8a49a317fff',6,6,'2013-05-17 15:07:11','    Fixed bug #6 :  wrong name of metric repositories\n',0,1),(407,'22ee92a6aec05bcbf6a8646a0b72e3aec0ef5bb2',3,3,'2013-05-12 06:30:10','    Script for gerrit analysis\n',0,1),(408,'e8cd234bbd2f2dc619e287068398ff80387e4348',6,6,'2013-05-10 18:00:08','    minor changes\n',0,1),(409,'48e34652323574ce712306a9d02651314cda0228',3,3,'2013-05-12 06:30:38','    Merge branch \'newperiod\' of https://github.com/VizGrimoire/VizGrimoireR into newperiod\n',0,1),(410,'68f54e2dee826b20b8a0e1203e4e2dc0eb31dbf5',1,1,'2013-05-14 08:53:09','    Added support for Allura in time to fix.\n    Simplify time to attention and make it work with time zones. Pending liferay config.\n    Remove wrong use in as.data.frame\n',0,1),(411,'5001d35644229b8ec14f094ea9a4056bf709c2ed',3,3,'2013-05-13 19:51:04','    as.data.frame row.names is a vector or NULL not a logical value\n',0,1),(412,'fbcadb35f83c37422e06bc215cb0fc874c68a3c0',1,1,'2013-05-14 08:55:11','    Merge branch \'newperiod\' of https://github.com/VizGrimoire/VizGrimoireR into newperiod\n    \n    Conflicts:\n    	vizgrimoire/R/ClassTimedEvents.R\n',0,1),(413,'b2f15d34025220705d470fb41896b833854b19de',1,1,'2013-05-14 17:40:12','    Added time to fix and demographics\n',0,1),(414,'79679ec4823502c9c5510e4a0c2f14d2fe3fec90',1,1,'2013-05-14 18:24:59','    Clean point for starting the development\n',0,1),(415,'315ff294ffbba350d44768a26bde075b97ac5eb1',3,3,'2013-05-14 19:17:41','    Developer list retrieved\n',0,1),(416,'5a0fb8348a32c69dca71d1cfaed036357cc84c78',3,3,'2013-05-15 05:31:04','    Completed people scm evol\n',0,1),(417,'51fbcf2f79c4aea8a693245bd712368905939efa',3,3,'2013-05-15 05:46:15','    completed static scm per developer\n',0,1),(418,'6080d1c38fe362c1b94cc21a830a211001382778',3,3,'2013-05-15 06:03:18','    Simplified queries in people SCM. Started work in ITS\n',0,1),(419,'df12f98ba27ae1cd7c12f687dfa5b1c9cddaac44',3,3,'2013-05-15 06:17:03','    Completed people report for ITS\n',0,1),(420,'d072fd1a76e43c2271928ab2d533206ab4cb8fc5',3,3,'2013-05-15 06:35:27','    Completed also MLS people report\n',0,1),(421,'02336e1f0b252f2af159399b91671c10a06b0fa1',3,3,'2013-05-15 06:46:33','    Added people report for all data sources\n',0,1),(422,'faf0a9827f5a26e7816572ce7f5dea904f73c177',3,3,'2013-05-15 13:14:37','    Added upeople_id to top JSON files\n',0,1),(423,'9e325f6b6eff0edb37def29e3a1fc3bcddad5dfe',7,7,'2013-05-15 11:20:48','    Function to calculate rollmean\n',0,1),(424,'9fc51216a4537ecaa82933c36d35e57740119bde',4,4,'2013-05-15 02:23:26','    Merge pull request #4 from softmarina/newperiod\n    \n    Function to calculate rollmean\n',0,1),(425,'de4f6566f1dc13d75ede2c956c7f611ead8ff429',3,3,'2013-05-15 13:15:11','    Merge branch \'newperiod\' of https://github.com/VizGrimoire/VizGrimoireR into newperiod\n',0,1),(426,'9951b93ef36b3bed5c46e46ddbf1396e04c18d8c',3,3,'2013-05-16 06:08:14','    Function name refactoring\n',0,1),(427,'c77871ef22133938183b536a2fd1e296d565e40a',3,3,'2013-05-16 06:37:25','    Multireport option working for MLS.\n',0,1),(428,'8d3cfbf87b499cdf6dd1fe45b6d09a2323904635',3,3,'2013-05-16 06:47:02','    Multireport option added to SCM and ITS also.\n',0,1),(429,'989e13b1ea406126c26382b507bf7e764010d63c',3,3,'2013-05-16 17:19:06','    Added code to generate Liferay companies+countries report\n',0,1),(430,'1668a175238c46cab59bedd3ed32bb4c39d9831e',5,5,'2013-05-16 20:26:57','    Fix error with function GetTopClosers\n    \n    Add a missing condition to perform the JOIN to get the query GetTopClosers\n',0,1),(431,'c1aa0f37efcc531ef75b8c960d8cde01c0810b4e',6,6,'2013-05-17 15:11:41','     Fixed bug #6 : wrong name of metric repositories\n',0,1),(432,'ebcc7a024650702b131b2df9dd58d9058e314a92',3,3,'2013-05-17 16:50:36','    Repository names returned without filtering\n',0,1),(433,'bf68b3915c24b73767c7b0d2de665b58ad2ef77c',3,3,'2013-05-17 16:51:18','    Updated to use correct repository names filtering logic\n',0,1),(434,'ec32ad64651a20bee21c487e21cdbbce4fd575d4',6,6,'2013-05-17 16:59:33','    merged with newperiod\n',0,1),(435,'89d01f8b1dce11e59ae426ae5564615de3633c33',6,6,'2013-05-17 18:38:18','    updated version\n',0,1),(436,'7928e558ea5d3d439bfe613046fcc42cfb3770cf',6,6,'2013-05-17 18:40:47','    added options for START and END date\n',0,1),(437,'cd8af59840a81f93f7c3d33de9b5be9ab6320332',6,6,'2013-05-17 18:43:12','    fix error in names for mailing lists\n',0,1),(438,'f2bb7544dc7cf3a044d71e906eb1d8689a716642',6,6,'2013-05-17 18:51:48','    Documentation updated to locally install the library\n',0,1),(439,'2d8c1d536699ea46498559378fc30035f21eac49',6,6,'2013-05-28 15:23:20','    Added feature: top closers also by asignee, https://bugs.launchpad.net/openstack-community/+bug/1182854\n',0,1),(440,'a7cd639ba3c40550ed21c9073fba118386b515d2',6,6,'2013-05-28 15:24:31','    https://bugs.launchpad.net/openstack-community/+bug/1182854\n',0,1),(441,'fdce044e224fb4d50120cae9ed7b5b8de6170721',5,5,'2013-05-27 15:47:08','    Change shell script to copy JSON files to another dir\n',0,1),(442,'19c4e1f26260c8e48e8f63eb6479b59de82176f5',6,6,'2013-05-28 15:25:56','    Merge branch \'openstack\' of https://github.com/VizGrimoire/VizGrimoireR into openstack\n',0,1),(443,'0fa8d209e46978f35f563cfdd6a4d0580bf73f40',6,6,'2013-05-17 18:43:40','    fix error in names for mailing lists\n',0,1),(444,'28192cf7aed632447efefd5ca5609af697a7365a',6,6,'2013-05-17 18:45:47','    updated version\n',0,1),(445,'4d16e448695ce2ca8b892689c31d5e26175890bf',6,6,'2013-05-17 18:46:02','    added options for START and END date\n',0,1),(446,'43ed264a48eff6724330254199c4c69a5660a004',6,6,'2013-05-17 18:51:25','    Documentation updated to locally install the library\n',0,1),(447,'1750d231ad02e9bb0aafe743e1571e51fa15a976',3,3,'2013-05-22 17:59:25','    Fix authors to understand better the final responsible\n',0,1),(448,'a7aafdae4435e43c17ca30095b53846d2a4e3a67',3,3,'2013-05-23 13:33:28','    IRC parser needed for Wikimedia\n',0,1),(449,'40ae2452f18c005c53301db12421da41b2989e49',3,3,'2013-05-23 13:37:33','    Remove table irclog at the start. It is generated fully from logs.\n',0,1),(450,'15a73ffb8f7cc6819bbaaa2df3521aa6a2ba07b4',6,6,'2013-05-28 15:29:23','    Added feature to obtain the top assignee when an issue is closed (GetTopClosersByAssignee function)\n',0,1),(451,'f67eb76c1190fd3ff5ddb1626bf865257b096f2f',8,8,'2013-05-30 19:07:14','    Destdir was not used in mls-repos.json and mls-lists.json\n',0,1),(452,'81888a5beb8d758213eb78648453712f9c4eaa56',7,7,'2013-05-30 18:08:21','    Initial version of a metrics grimoire databases validator\n',0,1),(453,'25a8205fbf2dce60c7d36ff78a18daec762300c7',8,8,'2013-05-30 19:07:50','    Merge branch \'newperiod\' of https://github.com/VizGrimoire/VizGrimoireR into newperiod\n',0,1),(454,'44b9e0acf8c887e11eb8f874b2f9b8ee5a4aec1d',5,5,'2013-05-31 16:17:44','    Add new metric negative_removed_lines to scm-evolutionary.json\n',0,1),(455,'3edef66087329c902782666515b8332fce9a2d4e',6,6,'2013-06-04 17:33:07','    Basic functions about status of the review\n',0,1),(456,'ea07f30342f14e7e7452483735b8d5f022738d16',6,6,'2013-06-05 12:07:52','    minor change\n',0,1),(457,'7f9d7712b24adb1bfb088ebcfe24fe2cccf1dd4d',6,6,'2013-06-05 16:22:14','    Evolution of reviews minimized\n',0,1),(458,'0b7199f166774bd3fbf34894dcb29fc36f194b6f',3,3,'2013-05-29 00:50:04','    First version of Mediawiki R script analysis\n',0,1),(459,'2305cc7ab29c1996ca9537793244c0e078a10c71',8,8,'2013-05-29 01:17:02','    Updated to launch.py format\n',0,1),(460,'ba654b3a57783d718b785881d0d27eceb23b1518',8,8,'2013-05-29 01:42:43','    R script working nicely with lunch.py\n',0,1),(461,'02e5c9642c426d8c192de14b64db355be6b1e4ea',8,8,'2013-05-30 05:57:29','    Script to get all repos for Mediawiki extensions\n',0,1),(462,'05995abf3751449bc3218b218057c51fee971605',8,8,'2013-05-30 19:01:29','    Destdir was not used in mls-repos.json and mls-lists.json\n',0,1),(463,'217229f1b250fe3028e16f4c6a9e046ec11e6220',3,3,'2013-06-04 17:34:30','    Added number of threads metric\n',0,1),(464,'2f5bad25e69dec79f745e301a125357a5389e928',3,3,'2013-06-04 17:48:43','    Added Average (mean) Messages per thread metric to static data\n',0,1),(465,'5a77c62912b027b6af9b3bd4b45838440d1fcac1',3,3,'2013-06-04 17:49:52','    Merge branch \'newperiod\' of https://github.com/VizGrimoire/VizGrimoireR into newperiod\n',0,1),(466,'33749dd23ce496e09951f113c3ba9b922cedfc48',3,3,'2013-06-04 18:00:41','    Added thread_persons_avg\n',0,1),(467,'e6717b9def0d83e595db5d503850cb8bfa1d0ff1',3,3,'2013-06-04 18:09:06','    Added messages_no_response static metric\n',0,1),(468,'92925708dff434886e2745bdaf5cfa0922729e31',3,3,'2013-06-04 18:11:05','    Merge branch \'newperiod\' into mediawiki\n',0,1),(469,'e4d24fc42c71b946d728bb119ffafc091ce1a7b7',3,3,'2013-06-04 20:27:55','    Added new responses metric static and evol\n',0,1),(470,'ab0a526361bbcc780f267a6cdd312231d03b669e',3,3,'2013-06-04 20:39:19','    Added start and end date\n',0,1),(471,'1d5ac8dad9d7529f671a94748d8c020d1b7c5900',3,3,'2013-06-05 09:05:36','    Improved no responses metric\n',0,1),(472,'e18785e17cd92b5454ec08ae43d6a6b2b2beaf61',3,3,'2013-06-05 09:49:38','    Improved how no responses messages are computed. Added start and end dates.\n',0,1),(473,'dec500001d18a84c8ff51ee62937f5109da7e666',8,8,'2013-06-05 10:10:26','    Merge branch \'mediawiki\' of https://github.com/VizGrimoire/VizGrimoireR into mediawiki\n',0,1),(474,'eab3bd8a0805a1cbe6951f77058a0416bdb04bb8',3,3,'2013-06-05 11:03:31','    Improved queries to reuse MLS common queries SQL\n',0,1),(475,'8b7a9f6c25f7b8d4d018ab8bb1693d9d8002e1bd',8,8,'2013-06-05 11:22:19','    Merge branch \'mediawiki\' of https://github.com/VizGrimoire/VizGrimoireR into mediawiki\n',0,1),(476,'704df622b378112a8423b9fcd32268e89868a0bc',8,8,'2013-06-05 11:33:58','    Mediawiki started in 2002 (mailing lists)\n',0,1),(477,'c0dd6b707560a85db6f0300fb4aaa9aa890eae8f',2,2,'2013-06-05 14:13:07','    First version of the scripts to produce a dashboard for a GitHub project\n    They still don\'t work (but already produce all the tables in databases,\n    and are almost ready to produce JSON files).\n    Work in progress!\n',0,1),(478,'33d179227d35f29386cf55e99f33ad950b4e4fb6',2,2,'2013-06-05 14:23:22','    Not much more than copying from master branch\n',0,1),(479,'9b83e629ac374de15300dc6c6a4631f0280f4895',2,2,'2013-06-05 14:23:53','    Merge branch \'newperiod\' of github.com:VizGrimoire/VizGrimoireR into newperiod\n',0,1),(480,'641f57a9aced43fb2d2e8d2fbde55c975eaa8b49',3,3,'2013-06-06 08:25:30','    Added new metrics:\n    \n    * Evol: sent_init, messages that init a new thread\n    * Static: sent_init, and fixed sent_no_response\n',0,1),(481,'7a70afebe36bd5aaaa38565be4fbef1e8107d7fa',3,3,'2013-06-06 08:27:54','    Merge branch \'newperiod\' into mediawiki\n',0,1);
/*!40000 ALTER TABLE `scmlog` ENABLE KEYS */;
UNLOCK TABLES;

--
-- Table structure for table `tag_revisions`
--

DROP TABLE IF EXISTS `tag_revisions`;
/*!40101 SET @saved_cs_client     = @@character_set_client */;
/*!40101 SET character_set_client = utf8 */;
CREATE TABLE `tag_revisions` (
  `id` int(11) NOT NULL,
  `tag_id` int(11) DEFAULT NULL,
  `commit_id` int(11) DEFAULT NULL,
  PRIMARY KEY (`id`),
  KEY `tag_id` (`tag_id`),
  KEY `commit_id` (`commit_id`)
) ENGINE=MyISAM DEFAULT CHARSET=utf8;
/*!40101 SET character_set_client = @saved_cs_client */;

--
-- Dumping data for table `tag_revisions`
--

LOCK TABLES `tag_revisions` WRITE;
/*!40000 ALTER TABLE `tag_revisions` DISABLE KEYS */;
INSERT INTO `tag_revisions` VALUES (1,1,229);
/*!40000 ALTER TABLE `tag_revisions` ENABLE KEYS */;
UNLOCK TABLES;

--
-- Table structure for table `tags`
--

DROP TABLE IF EXISTS `tags`;
/*!40101 SET @saved_cs_client     = @@character_set_client */;
/*!40101 SET character_set_client = utf8 */;
CREATE TABLE `tags` (
  `id` int(11) NOT NULL,
  `name` varchar(255) DEFAULT NULL,
  PRIMARY KEY (`id`)
) ENGINE=MyISAM DEFAULT CHARSET=utf8;
/*!40101 SET character_set_client = @saved_cs_client */;

--
-- Dumping data for table `tags`
--

LOCK TABLES `tags` WRITE;
/*!40000 ALTER TABLE `tags` DISABLE KEYS */;
INSERT INTO `tags` VALUES (1,'grizzly');
/*!40000 ALTER TABLE `tags` ENABLE KEYS */;
UNLOCK TABLES;

--
-- Table structure for table `upeople`
--

DROP TABLE IF EXISTS `upeople`;
/*!40101 SET @saved_cs_client     = @@character_set_client */;
/*!40101 SET character_set_client = utf8 */;
CREATE TABLE `upeople` (
  `id` int(11) NOT NULL,
  `identifier` varchar(128) DEFAULT NULL,
  PRIMARY KEY (`id`)
) ENGINE=MyISAM DEFAULT CHARSET=utf8;
/*!40101 SET character_set_client = @saved_cs_client */;

--
-- Dumping data for table `upeople`
--

LOCK TABLES `upeople` WRITE;
/*!40000 ALTER TABLE `upeople` DISABLE KEYS */;
INSERT INTO `upeople` VALUES (1,'Alvaro del Castillo'),(2,'Jesus M. Gonzalez-Barahona'),(4,'Daniel Izquierdo Cortazar'),(5,'Luis Cañas-Díaz'),(7,'softmarina'),(8,'Owl Bot'),(9,'sanacl'),(10,'jgbarah'),(11,'athanrous'),(12,'nobody'),(13,'dicortazar'),(14,'acs'),(15,'mmoya');
/*!40000 ALTER TABLE `upeople` ENABLE KEYS */;
UNLOCK TABLES;

--
-- Table structure for table `upeople_companies`
--

DROP TABLE IF EXISTS `upeople_companies`;
/*!40101 SET @saved_cs_client     = @@character_set_client */;
/*!40101 SET character_set_client = utf8 */;
CREATE TABLE `upeople_companies` (
  `id` int(11) NOT NULL AUTO_INCREMENT,
  `upeople_id` int(11) NOT NULL,
  `company_id` int(11) NOT NULL,
  `init` datetime DEFAULT NULL,
  `end` datetime DEFAULT NULL,
  PRIMARY KEY (`id`)
) ENGINE=MyISAM AUTO_INCREMENT=7 DEFAULT CHARSET=utf8;
/*!40101 SET character_set_client = @saved_cs_client */;

--
-- Dumping data for table `upeople_companies`
--

LOCK TABLES `upeople_companies` WRITE;
/*!40000 ALTER TABLE `upeople_companies` DISABLE KEYS */;
INSERT INTO `upeople_companies` VALUES (1,1,3,'1900-01-01 00:00:00','2100-01-01 00:00:00'),(2,2,4,'1900-01-01 00:00:00','2100-01-01 00:00:00'),(3,4,3,'1900-01-01 00:00:00','2100-01-01 00:00:00'),(4,5,3,'1900-01-01 00:00:00','2100-01-01 00:00:00'),(5,7,5,'1900-01-01 00:00:00','2100-01-01 00:00:00'),(6,8,3,'1900-01-01 00:00:00','2100-01-01 00:00:00');
/*!40000 ALTER TABLE `upeople_companies` ENABLE KEYS */;
UNLOCK TABLES;

--
-- Final view structure for view `action_files`
--

/*!50001 DROP TABLE IF EXISTS `action_files`*/;
/*!50001 DROP VIEW IF EXISTS `action_files`*/;
/*!50001 SET @saved_cs_client          = @@character_set_client */;
/*!50001 SET @saved_cs_results         = @@character_set_results */;
/*!50001 SET @saved_col_connection     = @@collation_connection */;
/*!50001 SET character_set_client      = utf8 */;
/*!50001 SET character_set_results     = utf8 */;
/*!50001 SET collation_connection      = utf8_general_ci */;
/*!50001 CREATE ALGORITHM=UNDEFINED */
/*!50013 DEFINER=`jgb`@`%` SQL SECURITY DEFINER */
/*!50001 VIEW `action_files` AS select `a`.`file_id` AS `file_id`,`a`.`id` AS `action_id`,`a`.`type` AS `action_type`,`a`.`commit_id` AS `commit_id` from `actions` `a` where (`a`.`type` <> 'R') union select `fc`.`to_id` AS `file_id`,`a`.`id` AS `action_id`,`a`.`type` AS `action_type`,`a`.`commit_id` AS `commit_id` from (`actions` `a` join `file_copies` `fc`) where ((`fc`.`action_id` = `a`.`id`) and (`a`.`type` = 'R')) */;
/*!50001 SET character_set_client      = @saved_cs_client */;
/*!50001 SET character_set_results     = @saved_cs_results */;
/*!50001 SET collation_connection      = @saved_col_connection */;

--
-- Final view structure for view `actions_file_names`
--

/*!50001 DROP TABLE IF EXISTS `actions_file_names`*/;
/*!50001 DROP VIEW IF EXISTS `actions_file_names`*/;
/*!50001 SET @saved_cs_client          = @@character_set_client */;
/*!50001 SET @saved_cs_results         = @@character_set_results */;
/*!50001 SET @saved_col_connection     = @@collation_connection */;
/*!50001 SET character_set_client      = utf8 */;
/*!50001 SET character_set_results     = utf8 */;
/*!50001 SET collation_connection      = utf8_general_ci */;
/*!50001 CREATE ALGORITHM=UNDEFINED */
/*!50013 DEFINER=`jgb`@`%` SQL SECURITY DEFINER */
/*!50001 VIEW `actions_file_names` AS select `a`.`id` AS `id`,`a`.`type` AS `type`,`a`.`file_id` AS `file_id`,`fc`.`new_file_name` AS `new_file_name`,`a`.`commit_id` AS `commit_id` from ((`actions` `a` join `scmlog` `s`) left join `file_copies` `fc` on((`a`.`id` = `fc`.`action_id`))) where (`s`.`id` = `a`.`commit_id`) */;
/*!50001 SET character_set_client      = @saved_cs_client */;
/*!50001 SET character_set_results     = @saved_cs_results */;
/*!50001 SET collation_connection      = @saved_col_connection */;
/*!40103 SET TIME_ZONE=@OLD_TIME_ZONE */;

/*!40101 SET SQL_MODE=@OLD_SQL_MODE */;
/*!40014 SET FOREIGN_KEY_CHECKS=@OLD_FOREIGN_KEY_CHECKS */;
/*!40014 SET UNIQUE_CHECKS=@OLD_UNIQUE_CHECKS */;
/*!40101 SET CHARACTER_SET_CLIENT=@OLD_CHARACTER_SET_CLIENT */;
/*!40101 SET CHARACTER_SET_RESULTS=@OLD_CHARACTER_SET_RESULTS */;
/*!40101 SET COLLATION_CONNECTION=@OLD_COLLATION_CONNECTION */;
/*!40111 SET SQL_NOTES=@OLD_SQL_NOTES */;

-- Dump completed on 2013-07-04  7:46:32
